CMS Certification Number (CCN),Provider Name,Address Line 1,Address Line 2,City/Town,State,ZIP Code,County/Parish,Telephone Number,CMS Region,Ownership Type,Certification Date
013025,ENCOMPASS HEALTH LAKESHORE REHABILITATION HOSPITAL,3800 RIDGEWAY DRIVE,-,BIRMINGHAM,AL,35209,Jefferson,(205) 868-2000,4,For profit,10/01/1983
013028,ENCOMPASS REHABILITATION HOSPITAL OF MONTGOMERY,4465 NARROW LANE RD,-,MONTGOMERY,AL,36116,Montgomery,(334) 284-7821,4,For profit,05/11/1987
013029,ENCOMPASS HEALTH REHABILITATION HOSPITAL NORTH AL,1490 HIGHWAY 72 E,-,HUNTSVILLE,AL,35811,Madison,(205) 535-2300,4,For profit,06/04/1987
013030,ENCOMPASS HEALTH REHABILITATION HOSPITAL OF DOTHAN,1736 EAST MAIN STREET,-,DOTHAN,AL,36301,Houston,(334) 712-6333,4,For profit,05/12/1994
013031,ENCOMPASS HEALTH REHABILITATION HOSPITAL OF SHELBY,900 OAK MOUNTAIN COMMONS LANE,-,PELHAM,AL,35124,Shelby,(205) 216-7621,4,For profit,05/25/2018
013032,ENCOMPASS HEALTH REHABILITATION HOSPITAL GADSDEN,801 GOODYEAR AVE,-,GADSDEN,AL,35903,Etowah,(256) 439-5000,4,For profit,08/14/2001
013033,REHABILITATION HOSPITAL OF PHENIX CITY,3715 US HIGHWAY 431 NORTH,-,PHENIX CITY,AL,36867,Russell,(334) 732-2200,4,For profit,11/12/2003
01T011,ST. VINCENTS EAST REHABILITATION CENTER,50 MEDICAL PARK EAST DRIVE,-,BIRMINGHAM,AL,35235,Jefferson,(205) 838-3672,4,Non-profit,04/30/1998
01T029,EAMC- LANIER,2000 PEPPERELL PARKWAY.,-,OPELIKA,AL,36801,Lee,(502) 596-6346,4,Government,10/01/2016
01T033,SPAIN REHABILITATION CENTER,SRC 223E,-,BIRMINGHAM,AL,35249,Jefferson,(205) 934-4940,4,Government,10/01/1997
01T092,DCH REHABILITATION CENTER,"809 UNIVERSITY BLVD, EAST",-,TUSCALOOSA,AL,35401,Tuscaloosa,(205) 333-4362,4,Government,05/01/2011
01T100,THOMAS HOSPITAL,750 MORPHY AVENUE,-,FAIRHOPE,AL,36533,Baldwin,(251) 435-3417,4,Non-profit,04/01/2018
01T104,GRANDVIEW MEDICAL CENTER,3690 GRANDVIEW PARKWAY,-,BIRMINGHAM,AL,35243,Jefferson,(205) 971-4520,4,For profit,06/15/1998
01T113,MOBILE INFIRMARY,POB 2144,-,MOBILE,AL,36652,Mobile,(251) 435-3400,4,Non-profit,07/01/2017
01T114,MEDICAL WEST HOSPITAL AUTHORITY REHAB UNIT,995 9TH AVENUE SOUTHWEST,-,BESSEMER,AL,35022,Jefferson,(205) 481-7287,4,Government,01/01/2017
01T139,AMI BROOKWOOD MEDICAL CENTER,2010 BROOKWOOD MEDICAL CTR. DR,-,HOMEWOOD,AL,35209,Jefferson,(205) 877-1600,4,For profit,12/17/2014
01T144,SPRINGHILL MEDICAL CENTER,3719 DAUPHIN STREET,-,MOBILE,AL,36608,Mobile,(502) 596-6346,4,For profit,01/01/2016
01T157,JW SOMMER REHABILITATION UNIT,201 AVALON AVE,-,MUSCLE SHOALS,AL,35661,Colbert,(256) 386-1687,4,For profit,10/01/2011
02T017,ALASKA REGIONAL HOSPITAL,2801 DEBARR RD,-,ANCHORAGE,AK,99508,Anchorage,(907) 264-1503,10,For profit,01/01/1994
02TA01,ST ELIAS SPECIALTY HOSPITAL,4800 CORDOVA STREET,-,ANCHORAGE,AK,99503,Anchorage,(907) 561-3333,10,Non-profit,01/01/2020
033025,ENCOMPASS HEALTH REHAB HOSPITAL OF SCOTTSDALE,9630 EAST SHEA BOULEVARD,-,SCOTTSDALE,AZ,85260,Maricopa,(480) 551-5400,9,For profit,01/19/1989
033028,ENCOMPASS HEALTH REHABILITATION INSTITUTE OF TUCSO,2650 NORTH WYATT DRIVE,-,TUCSON,AZ,85712,Pima,(520) 325-1300,9,For profit,07/03/1990
033029,ENCOMPASS HEALTH REHABILITATION HOSPITAL OF NORTHW,1921 WEST HOSPITAL DRIVE,-,TUCSON,AZ,85704,Pima,(520) 742-2800,9,For profit,05/26/1992
033032,ENCOMPASS HEALTH VALLEY OF THE SUN REHAB HOSPITAL,13460 NORTH 67TH AVENUE,-,GLENDALE,AZ,85304,Maricopa,(623) 878-8800,9,For profit,08/26/1998
033034,"YUMA REHABILITATION HOSPITAL,AN AFFILIATION OF ENC",901 WEST 24TH STREET,-,YUMA,AZ,85364,Yuma,(928) 726-5000,9,For profit,04/22/2003
033036,MOUNTAIN VALLEY REGIONAL REHABILITATION HOSPITAL,3700 NORTH WINDSONG DRIVE,-,PRESCOTT VALLEY,AZ,86314,Yavapai,(928) 759-8800,9,Government,07/24/2006
033037,ENCOMPASS HEALTH REHABILITATION HOSPITAL OF EAST V,5652 EAST BASELINE ROAD,-,MESA,AZ,85206,Maricopa,(480) 567-0350,9,For profit,10/26/2009
033038,"GLOBALREHAB - SCOTTSDALE, LLC",8850 EAST PIMA CENTER PARKWAY,-,SCOTTSDALE,AZ,85258,Maricopa,(717) 975-4503,9,For profit,05/09/2013
033039,PAM HEALTH REHABILITATION HOSPITAL OF SURPRISE,13060 WEST BELL ROAD,-,SURPRISE,AZ,85378,Maricopa,(623) 499-9100,9,For profit,03/03/2016
033040,DIGNITY HEALTH EAST VALLEY REHABILITATION HOSPITAL,1515 WEST CHANDLER BOULEVARD,-,CHANDLER,AZ,85224,Maricopa,(602) 594-5400,9,For profit,11/21/2016
033041,REHABILITATION HOSPITAL OF NORTHERN ARIZONA,1851 NORTH GEMINI DRIVE,-,FLAGSTAFF,AZ,86001,Coconino,(928) 774-7070,9,For profit,04/12/2018
033042,BANNER REHABILITATION HOSPITAL-WEST,12740 NORTH PLAZA DEL RIO BOULEVARD,-,PEORIA,AZ,85381,Maricopa,(717) 975-4503,9,For profit,09/25/2020
033043,REUNION REHABILITATION HOSPITAL PHOENIX LLC,1675 EAST VILLA STREET,-,PHOENIX,AZ,85006,Maricopa,(469) 640-6503,9,For profit,02/03/2022
033044,DIGNITY HEALTH EAST VALLEY REHABILITATION HOSPITAL,1850 S SAN TAN VILLAGE PARKWAY,-,GILBERT,AZ,85295,Maricopa,(623) 269-6000,9,For profit,01/06/2023
033045,REUNION REHABILITATION HOSPITAL PEORIA LLC,13451 N 94TH DRIVE,-,PEORIA,AZ,85381,Maricopa,(469) 640-6503,9,For profit,04/15/2023
033046,CLEARSKY REHABILITATION HOSPITAL OF AVONDALE,10903 W MCDOWELL RD,-,AVONDALE,AZ,85392,Maricopa,(623) 404-4417,9,For profit,08/04/2023
033047,EXALT HEALTH REHABILITATION HOSPITAL SCOTTSDALE,"20159 NORTH SCOTTSDALE ROAD, SECOND FLOOR",-,SCOTTSDALE,AZ,85255,Maricopa,(480) 992-8091,9,For profit,12/19/2024
03T010,CARONDELET ST. MARY'S HOSPITAL,1601 W. ST. MARY'S ROAD,-,TUCSON,AZ,85745,Pima,(520) 872-6244,9,Non-profit,07/01/1984
03T024,ST JOSEPHS HOSP,240 W THOMAS RD,-,PHOENIX,AZ,85013,Maricopa,(602) 406-4796,9,Non-profit,07/01/1985
03T038,SCOTTSDALE HEALTHCARE,7400 E OSBORN ROAD,-,SCOTTSDALE,AZ,85251,Maricopa,(480) 882-4000,9,For profit,10/01/1984
03T043,CANYON VISTA MEDICAL CENTER,5700 EAST HIGHWAY 90,-,SIERRA VISTA,AZ,85635,Cochise,(520) 263-2220,9,Non-profit,08/01/2024
03T055,KINGMAN REGIONAL MEDICAL CENTER,3269 STOCKTON HILL RD.,-,KINGMAN,AZ,86401,Mohave,(928) 263-4632,9,Government,07/01/2002
03T085,NORTHWEST MEDICAL CENTER/CHS,6200 N LA CHOLLA BLVD,-,TUCSON,AZ,85741,Pima,(520) 469-8366,9,For profit,10/01/2013
03T114,NORTHWEST TRANSITIONS,2025 W ORANGE GROVE ROAD,-,TUCSON,AZ,85704,Pima,(520) 403-2563,9,For profit,01/25/2005
03T117,VALLEY VIEW MEDICAL CENTER,5330 S HIGHWAY 95,-,FT MOHAVE,AZ,86426,Mohave,(928) 788-7005,9,For profit,06/28/2006
043026,BAPTIST HEALTH REHABILITATION INSTITUTE,9601 BAPTIST HEALTH DRIVE,-,LITTLE ROCK,AR,72205,Pulaski,(501) 202-7578,6,Non-profit,01/01/1984
043028,ENCOMPASS HEALTH REHABILITATION HOSPITAL FT SMITH,1401 SOUTH J STREET,-,FORT SMITH,AR,72901,Sebastian,(479) 785-3300,6,For profit,11/12/1986
043029,ENCOMPASS HEALTH REHABILITATION HOSPITAL,1201 FLEMING AVE,-,JONESBORO,AR,72401,Craighead,(870) 932-0440,6,For profit,12/05/1988
043031,CHI ST VINCENT SHERWOOD REHABILITATION HOSPITAL,2201 WILDWOOD AVENUE,-,SHERWOOD,AR,72120,Pulaski,(501) 834-1800,6,For profit,10/01/1990
043032,ENCOMPASS HEALTH REHAB HOSP A PARTNER OF WASH REG,153 E MONTE PAINTER DRIVE,-,FAYETTEVILLE,AR,72703,Washington,(479) 444-2200,6,For profit,08/06/1991
043033,CONWAY REGIONAL REHABILITATION HOSPITAL,2210 ROBINSON STREET,-,CONWAY,AR,72034,Faulkner,(501) 932-3500,6,For profit,12/17/2004
043034,SOUTHEAST REHABILITATION HOSPITAL,905 BORGOGNONI DRIVE,-,LAKE VILLAGE,AR,71653,CHICOT,(870) 265-4333,6,Physician,12/13/2006
043035,"CHI ST VINCENT HS REHAB HOSP, A PART OF ENCOMPASS",1636 HIGDON FERRY ROAD,-,HOT SPRINGS,AR,71913,Garland,(501) 651-2000,6,For profit,04/11/2016
043036,MERCY REHABILITATION HOSPITAL NORTHWEST AR,4313 SOUTH PLEASANT CROSSING BOULEVARD,-,ROGERS,AR,72758,Benton,(479) 341-4004,6,For profit,04/11/2020
043037,MERCY REHABILITATION HOSPITAL,6700 CHAD COLLEY BOULEVARD,-,FORT SMITH,AR,72916,Sebastian,(479) 974-5700,6,For profit,06/21/2021
043038,JEFFERSON REGIONAL SPECIALTY HOSPITAL,1500 WEST HOLLAND AVENUE,-,WHITE HALL,AR,71602,Jefferson,(870) 939-6500,6,For profit,06/26/2024
04R334,MENA REGIONAL HEALTH SYSTEM,311 NORTH MORROW STREET,-,MENA,AR,71953,Polk,(479) 394-6100,6,Non-profit,01/01/1999
04T002,JOHNSON REGIONAL REHABILITATION CENTER,1100 EAST POPLAR ST.,-,CLARKSVILLE,AR,72830,Johnson,(479) 754-5484,6,Non-profit,01/01/2006
04T014,UNITY HEALTH SPECIALTY CARE CAMPUS,1200 SOUTH MAIN STREET,-,SEARCY,AR,72143,White,(501) 278-3477,6,Non-profit,10/01/1995
04T022,NORTHWEST MEDICAL CENTER INPATIENT REHAB,609 W. MAPLE AVE.,"TOWER II, 3RD FLOOR",SPRINGDALE,AR,72764,Washington,(479) 757-2340,6,For profit,05/26/1998
04T027,BAXTER REGIONAL MEDICAL CENTER,624 HOSPITAL DRIVE,624 HOSPITAL DR,MOUNTAIN HOME,AR,72653,Baxter,(870) 508-3393,6,Non-profit,01/01/1998
04T036,BAPTIST HEALTH REHAB INSTITUTE - NORTH LITTLE ROCK,3333 SPRINGHILL DRIVE,-,NORTH LITTLE ROCK,AR,72117,Pulaski,(501) 202-7257,6,Non-profit,01/01/1997
04T039,ARKANSAS METHODIST HOSPITAL,900 WEST KINGS HIGHWAY,-,PARAGOULD,AR,72451,Greene,(502) 596-6346,6,Non-profit,07/01/1997
04T041,S. MARYS REGIONAL MEDICAL CENTER,1808 WEST MAIN STREET,-,RUSSELLVILLE,AR,72801,Pope,(502) 596-6346,6,For profit,08/26/1992
04T051,BAPTIST HEALTH MEDICAL CENTER-DREW COUNTY,778 SCOGIN DRIVE,-,MONTICELLO,AR,71655,Drew,(870) 367-2411,6,Non-profit,12/03/2023
04T078,NATIONAL PARK MEDICAL CENTER,1910 MALVERN AVE.,-,HOT SPRINGS,AR,71901,Garland,(502) 596-6346,6,For profit,01/01/1994
04T084,SALINE MEMORIAL HOSPITAL,1 MEDICAL PARK DR.,-,BENTON,AR,72015,Saline,(502) 596-6346,6,For profit,08/01/1993
04T088,MEDICAL CENTER OF S ARKANSAS,700 WEST GROVE STREET,-,EL DORADO,AR,71730,Union,(870) 863-2664,6,For profit,07/01/2023
04T118,NEA BAPTIST MEMORIAL HOSPITAL,4800 E JOHNSON AVE,-,JONESBORO,AR,72401,Craighead,(870) 936-1030,6,Non-profit,10/01/2015
04T119,WHITE RIVER HEALTH SYSTEM,1710 HARRISON ST,-,BATESVILLE,AR,72501,Independence,(502) 596-6346,6,Non-profit,09/19/1997
04T154,BAPTIST HEALTH MEDICAL CENTER-CONWAY,1555 EXCHANGE AVENUE,-,CONWAY,AR,72032,Faulkner,(501) 585-2000,6,Non-profit,01/01/2020
053031,ENCOMPASS HEALTH REHABILITATON HOSPITAL OF BAKERS,5001 COMMERCE DRIVE,-,BAKERSFIELD,CA,93309,Kern,(661) 323-5500,9,For profit,06/08/1990
053032,SAN JOAQUIN VALLEY REHABILITATION HOSP,7173 N SHARON AVENUE,-,FRESNO,CA,93720,Fresno,(559) 436-3600,9,For profit,02/15/1991
053034,ENCOMPASS HEALTH REHABILITATION HOSPITAL OF TUSTIN,15120 KENSINGTON PARK DR,-,TUSTIN,CA,92782,Orange,(714) 832-9200,9,For profit,06/19/1991
053037,BALLARD REHABILITATION HOSPITAL,1760 WEST 16TH ST,-,SAN BERNARDINO,CA,92411,San Bernardino,(909) 473-1275,9,Non-profit,07/27/1993
053038,TOTALLY KIDS REHABILITATION HOSPITAL,1720 MOUNTAIN VIEW AVENUE,-,LOMA LINDA,CA,92354,San Bernardino,(909) 796-6915,9,For profit,04/24/2015
053039,"CALIFORNIA REHABILITATION INSTITUTE, LLC",2070 CENTURY PARK EAST,-,LOS ANGELES,CA,90067,Los Angeles,(424) 363-1000,9,For profit,09/20/2016
053040,ENCOMPASS HEALTH REHABILITATION HOSPITAL OF MODEST,1303 MABLE AVENUE,-,MODESTO,CA,95355,Stanislaus,(209) 857-3400,9,Non-profit,12/05/2016
053041,REHABILITATION HOSPITAL OF SOUTHERN CALIFORNIA,70077 RAMON RD,-,RANCHO MIRAGE,CA,92270,Riverside,(760) 620-5636,9,For profit,11/02/2018
053042,ENCOMPASS HEALTH REHABILITATION HOSPITAL OF MURRIE,35470 WHITEWOOD RD,-,MURRIETA,CA,92563,Riverside,(951) 246-6500,9,For profit,03/13/2020
053043,PALOMAR REHABILITATION INSTITUTE,2181 WEST CITRACADO PARKWAY,-,ESCONDIDO,CA,92029,San Diego,(502) 596-6505,9,Non-profit,06/10/2021
053044,CENTRAL CALIFORNIA REHABILITATION HOSPITAL,4400 KIRKCALDY DR,-,BAKERSFIELD,CA,93306,Kern,(661) 871-3911,9,For profit,04/08/2022
053045,SACRAMENTO REHABILITATION HOSPITAL,10 ADVANTAGE COURT,-,SACRAMENTO,CA,95834,Sacramento,(916) 628-8301,9,For profit,03/25/2023
053046,UC DAVIS REHABILITATION HOSPITAL,4875 BROADWAY,-,SACRAMENTO,CA,95820,Sacramento,(916) 734-2777,9,For profit,04/24/2023
053047,STOCKTON REGIONAL REHABILITATION HOSPITAL,607 E MAGNOLIA STREET,-,STOCKTON,CA,95202,San Joaquin,(717) 620-2424,9,For profit,07/14/2023
05T008,CALIFORNIA PACIFIC REGIONAL REHABILITATION CENTER,P O BOX 7999,-,SAN FRANCISCO,CA,94120,San Francisco,(415) 600-6153,9,Non-profit,01/01/1996
05T009,PROVIDENCE QUEEN OF THE VALLEY MEDICAL CENTER,1000 TRANCAS ST,-,NAPA,CA,94558,Napa,(707) 252-4411,9,Non-profit,07/01/1995
05T017,MERCY GENERAL HOSPITAL,4001 J STREET,-,SACRAMENTO,CA,95819,Sacramento,(916) 453-4531,9,Non-profit,04/01/1986
05T024,SOUTH BAY REHABILITATION CTR,2400 EAST 4TH STREET,-,NATIONAL CITY,CA,91950,San Diego,(619) 472-4705,9,For profit,01/01/1989
05T026,GROSSMONT HOSPITAL SHARP,5555 GROSSMONT CENTER DRIVE,-,LA MESA,CA,91942,San Diego,(858) 939-3152,9,Government,07/01/1984
05T038,SANTA CLARA VALLEY MEDICAL CENTER,751 S BASCOM AVE,2325 ENBORG LN SUITE 340,SAN JOSE,CA,95128,Santa Clara,(408) 885-2030,9,Government,07/01/1993
05T039,ENLOE REHABILITATION CENTER,1531 ESPLANADE,-,CHICO,CA,95926,Butte,(530) 332-6102,9,Non-profit,07/01/1998
05T043,ALTA BATES SUMMIT MEDICAL CENTER,350 HAWTHORNE AVENUE,2ND FLOOR,OAKLAND,CA,94609,Alameda,(510) 869-6329,9,Non-profit,01/01/2015
05T057,KAWEAH DELTA REHABILITATION HOSPITAL,840 S. AKERS RD,-,VISALIA,CA,93277,Tulare,(559) 624-3857,9,Government,07/01/1994
05T058,GLENDALE MEMORIAL HOSPITAL,1420 S. CENTRAL AVE,-,GLENDALE,CA,91204,Los Angeles,(502) 596-6346,9,Non-profit,10/01/1983
05T060,LEON S PETERS REHABILATION,2823 FRESNO ST,-,FRESNO,CA,93721,Fresno,(559) 459-6405,9,Non-profit,09/01/1984
05T063,HOLLYWOOD PRESBYTERIAN MEDICAL CENTER,1300 N. VERMONT AVENUE,-,LOS ANGELES,CA,90027,Los Angeles,(213) 413-3000,9,For profit,07/01/1992
05T073,KAISER FOUNDATION REHAB CENTER,975 SERENO DR.,-,VALLEJO,CA,94589,Solano,(707) 651-4097,9,Non-profit,02/11/1993
05T078,PROVIDENCE LITTLE CO OF MARY MEDICAL CTR SAN PEDRO,1300 W. SEVENTH STREET,-,SAN PEDRO,CA,90732,Los Angeles,(310) 514-5402,9,Non-profit,01/01/1984
05T082,ST JOHNS REGIONAL MEDICAL CENTER,1600 NORTH ROSE AVENUE,-,OXNARD,CA,93030,Ventura,(805) 988-2658,9,Non-profit,07/01/1992
05T100,SHARP MEMORIAL REHABILITATION CENTER,2999 HEALTH CENTER DRIVE,-,SAN DIEGO,CA,92123,San Diego,(858) 939-3152,9,Non-profit,10/01/1983
05T103,WHITE MEMORIAL MEDICAL CENTER,1720 EAST CESAR CHAVEZ AVENUE,-,LOS ANGELOS,CA,90033,Los Angeles,(323) 268-5000,9,Non-profit,01/01/1984
05T107,MARIAN REGIONAL MEDICAL CENTER,1400 E CHURCH STREET,-,SANTA MARIA,CA,93454,Santa Barbara,(502) 596-6346,9,Non-profit,01/10/2013
05T116,NORTHRIDGE HOSPITAL MEDICAL CENTER,18300 ROSCOE BLVD.,-,NORTHRIDGE,CA,91328,Los Angeles,(818) 885-8500,9,Non-profit,07/01/1984
05T126,VALLEY PRESBYTERIAN HOSPITAL REHABILITATION CENTER,15107 VANOWEN STREET,-,VAN NUYS,CA,91405,Los Angeles,(502) 596-6346,9,Non-profit,11/01/1994
05T128,TRI-CITY MEDICAL CENTER,4002 VISTA WAY,-,OCEANSIDE,CA,92056,San Diego,(760) 940-7868,9,Government,07/01/1986
05T135,SOUTHERN CALIFORNIA HOSPITAL AT CULVER CITY,3828 DELMAS TERRACE,-,CULVER CITY,CA,90231,Los Angeles,(310) 202-4777,9,For profit,01/01/2013
05T145,COMM HOSP MONTEREY PENINSULA,23625 HOLMAN HWY,-,MONTEREY,CA,93940,Monterey,(831) 625-4748,9,Non-profit,01/01/2014
05T152,SAINT FRANCIS MEMORIAL HOSPITAL,900 HYDE ST,-,SAN FRANCISCO,CA,94109,San Francisco,(415) 353-6764,9,Non-profit,03/31/1995
05T158,ENCINO HOSPITAL MEDICAL CENTER,16237 VENTURA BLVD,-,ENCINO,CA,91436,Los Angeles,(805) 558-8560,9,For profit,12/01/1994
05T168,ST. JUDE MEDICAL CENTER,101 E. VALENCIA MESA DRIVE,P.O. BOX 4138,FULLERTON,CA,92835,Orange,(714) 578-8706,9,Non-profit,07/01/1984
05T169,PRESBYTERIAN INTERCOMMUNITY,12401 WASHINGTON BLVD,-,WHITTIER,CA,90602,Los Angeles,(562) 698-0811,9,Non-profit,11/01/1992
05T174,SANTA ROSA MEMORIAL HOSPITAL,1165 MONTGOMERY DR.,-,SANTA ROSA,CA,95405,Sonoma,(707) 547-5486,9,Non-profit,02/01/2000
05T180,JOHN MUIR MEDICAL CENTER,1601 YGNACIO VALLEY ROAD,-,WALNUT CREEK,CA,94598,Contra Costa,(925) 947-5252,9,Non-profit,01/05/1986
05T191,ST MARY MEDICAL CENTER,1050 LINDEN AVE,-,LONG BEACH,CA,90813,Los Angeles,(562) 491-9170,9,Non-profit,07/01/1984
05T204,PALMDALE REGIONAL MEDICAL CTR,38600 MEDICAL CENTER DR,-,PALMDALE,CA,93551,Los Angeles,(661) 382-6260,9,For profit,01/01/2017
05T224,THE FUDGE FAMILY ACUTE REHABILITATION CENTER,1 HOAG DRIVE,-,NEWPORT BEACH,CA,92663,Orange,(949) 764-3900,9,Non-profit,01/01/2019
05T235,PROVIDENCE ST JOSEPH MED CTR,501 S BUENA VISTA ST,-,BURBANK,CA,91505,Los Angeles,(818) 847-3200,9,Non-profit,01/01/1994
05T236,SIMI VALLEY HOSPITAL & HEALTH CARE SVC,2975 NORTH SYCAMORE DRIVE,-,SIMI VALLEY,CA,93065,Ventura,(805) 955-6000,9,Non-profit,01/01/1984
05T238,METHODIST HOSP S CALIFORNIA,300 W HUNTINGTON DR,-,ARCADIA,CA,91007,Los Angeles,(412) 209-8936,9,Non-profit,01/01/1985
05T239,ADVENTIST HEALTH - GLENDALE,1509 WILSON TERRACE,-,GLENDALE,CA,91206,Los Angeles,(818) 409-8071,9,Non-profit,01/01/1984
05T242,DOMINICAN HOSPITAL,1555 SOQUEL DRIVE,-,SANTA CRUZ,CA,95065,Santa Cruz,(831) 462-7300,9,Non-profit,06/01/1993
05T243,DESERT REGIONAL MEDICAL CENTER,1150 N. INDIAN CANYON DR,-,PALM SPRINGS,CA,92263,Riverside,(760) 323-6585,9,For profit,05/20/2001
05T248,SAM KARAS ARU - NATIVIDAD,1441 CONSTITUTION BOULEVARD,-,SALINAS,CA,93906,Monterey,(502) 596-6346,9,Government,07/01/2003
05T262,UCLA MED CTR,760 WESTWOOD PLAZA,-,LOS ANGELES,CA,90095,Los Angeles,(310) 825-5708,9,Government,07/01/1996
05T281,ALHAMBRA HOSPITAL MEDICAL CENTER,100 S. RAYMOND AVENUE,-,ALHAMBRA,CA,91801,Los Angeles,(626) 458-4767,9,For profit,07/01/1999
05T283,VALLEY MEMORIAL HOSPITAL,1111 EAST STANLEY BLVD.,-,LIVERMORE,CA,94550,Alameda,(925) 373-4183,9,Non-profit,07/01/2003
05T308,EL CAMINO HOSP OF LOS GATOS,355 DARDANELLI,-,LOS GATOS,CA,95032,Santa Clara,(502) 596-6346,9,Government,07/01/2010
05T309,SUTTER ROSEVILLE MEDICAL CENTER,6 MEDICAL PLAZA DRIVE,-,ROSEVILLE,CA,95661,Placer,(916) 878-2660,9,Non-profit,01/01/2009
05T320,FAIRMONT HOSPITAL,15400 FOOTHILL BLVD,-,SAN LEANDRO,CA,94578,Alameda,(502) 596-6346,9,Government,07/01/1985
05T327,LOMA LINDA UNIVERSITY MEDICAL CENTER,11234 ANDERSON ST.,-,LOMA LINDA,CA,92354,San Bernardino,(909) 558-6167,9,Non-profit,01/01/2005
05T336,ADVENTIST HEALTH LODI MEMORIAL,975 SOUTH FAIRMONT AVE,-,LODI,CA,95240,San Joaquin,(209) 334-3411,9,Non-profit,06/01/1988
05T348,UNIV OF CA IRVINE MED CTR,101 THE CITY DRIVE,-,ORANGE,CA,92868,Orange,(714) 456-5749,9,Government,07/01/1991
05T380,GOOD SAMARITAN HOSPITAL,15891 LOS-GATOS-ALMADEN ROAD,-,SAN JOSE,CA,95032,Santa Clara,(408) 358-5611,9,For profit,02/01/2006
05T382,QUEEN OF THE VALLEY HOSPITAL,1115 S. SUNSET AVENUE,-,WEST COVINA,CA,91790,Los Angeles,(626) 962-4011,9,For profit,01/01/2008
05T396,COTTAGE REHABILITATION HOSPITAL,PO BOX 689,-,SANTA BARBARA,CA,93105,Santa Barbara,(805) 569-7395,9,Non-profit,01/01/2008
05T417,SUTTER COAST HOSPITAL,800 EAST WASHINGTON BLVD,-,CRESCENT CITY,CA,95531,Del Norte,(502) 596-6346,9,Government,01/01/2016
05T438,HUNTINGTON HOSPITAL,100 W. CALIFORNIA BLVD,-,PASADENA,CA,91105,Los Angeles,(626) 397-2618,9,Non-profit,10/01/1983
05T441,STANFORD HOSPITAL & CLINICS,300 PASTEUR DR,-,PALO ALTO,CA,94305,Santa Clara,(650) 498-7804,9,Non-profit,09/01/1992
05T457,ST MARYS MEDICAL CENTER,450 STANYAN ST.,-,SAN FRANCISCO,CA,94117,San Francisco,(415) 668-1000,9,Non-profit,07/01/2005
05T471,GOOD SAMARITAN HOSPITAL,1225 WILSHIRE BLVD,-,LOS ANGELES,CA,90017,Los Angeles,(502) 596-7152,9,For profit,09/02/1984
05T485,MEMORIACARE LONG BEACH MEDICAL CENTER,2801 ATLANTIC AVENUE,-,LONG BEACH,CA,90806,Los Angeles,(562) 933-9074,9,Non-profit,10/01/1983
05T498,SUTTER AUBURN FAITH HOSPITAL,11815 EDUCATION STREET,-,AUBURN,CA,95603,Placer,(530) 889-6075,9,Non-profit,01/01/1988
05T549,LOS ROBLES HOSPITAL MEDICAL CENTER,150 VIA MERIDA,-,WESTLAKE VILLAGE,CA,91362,Ventura,(805) 370-4865,9,For profit,01/01/1999
05T567,MISSION HOSPITAL,27700 MEDICAL CENTER RD,-,MISSION VIEJO,CA,92691,Orange,(949) 365-2447,9,Non-profit,01/01/1993
05T580,LA PALMA INTERCOMMUNITY HOSPITAL,7901 WALKER STREET,-,LA PALMA,CA,90623,Orange,(714) 670-6209,9,For profit,01/01/1984
05T603,SADDLEBACK MEMORIAL MEDICAL CENTER,24451 HEALTH CENTER DRIVE,-,LAGUNA HILLS,CA,92653,Orange,(949) 452-7025,9,Non-profit,03/17/2005
05T624,HENRY MAYO NEWHALL MEM HOSP,23834 MCBEAN PKWY,-,VALENCIA,CA,91355,Los Angeles,(661) 200-1538,9,Non-profit,10/01/1994
05T668,LAGUNA HONDA HOSPITAL,375 LAGUNA HONDA BLVD.,-,SAN FRANCISCO,CA,94116,San Francisco,(415) 682-5967,9,Government,03/28/1995
05T717,LAC/RANCHO LOS AMIGOS NATIONAL MED CTR,7601 E IMPERIAL HWY,-,DOWNEY,CA,90242,Orange,(562) 385-7913,9,Government,07/01/1997
05T737,GARFIELD MEDICAL CENTER,525 N. GARFIELD AVENUE,-,MONTEREY PARK,CA,91754,Los Angeles,(626) 307-2130,9,For profit,11/01/2004
05T739,CENTINELA HOSPITAL MEDICAL CTR,1101 MEDICAL CENTER BOULEVARD,-,INGLEWOOD,CA,90301,Los Angeles,(502) 596-6346,9,For profit,01/01/2013
05T782,CASA COLINA HOSP FOR REHAB MEDICINE,255 E BONITA AVE,PO BOX 6001,POMONA,CA,91769,Los Angeles,(909) 596-7733,9,Non-profit,04/01/2016
05TA46,KINDRED HOSPITAL PARAMOUNT,16453 COLORADO AVENUE,-,PARAMOUNT,CA,90723,Los Angeles,(562) 531-3110,9,For profit,01/14/2024
063027,HCA HEALTHONE SPALDING REHABILITATION,900 POTOMAC ST,-,AURORA,CO,80011,Arapahoe,(303) 367-1166,8,For profit,07/01/1984
063030,ENCOMPASS HEALTH REHABILITATION HOSPITAL OF CO SPG,325 S PARKSIDE DR,-,COLORADO SPRINGS,CO,80910,El Paso,(719) 630-8000,8,For profit,01/16/1991
063033,"NORTHERN COLORADO REHABILITATION HOSPITAL, INC",4401 UNION ST,-,JOHNSTOWN,CO,80534,Larimer,(970) 619-3400,8,Non-profit,08/24/2005
063034,ENCOMPASS HEALTH REHAB HOSPITAL OF LITTLETON,1001 W MINERAL AVE,-,LITTLETON,CO,80120,Arapahoe,(303) 334-1100,8,For profit,06/10/2013
063035,DENVER REGIONAL REHABILITATION HOSPITAL,8451 PEARL ST STE 101,-,THORNTON,CO,80229,Adams,(303) 301-8700,8,For profit,08/10/2018
063036,REUNION REHABILITATION HOSPITAL DENVER,4650 CENTRAL PARK BLVD,-,DENVER,CO,80238,Denver,(720) 734-3500,8,For profit,04/22/2021
063037,PAM HEALTH REHABILITATION HOSPITAL OF WESTMINSTER,6500 W 104TH AVE,-,WESTMINSTER,CO,80020,Jefferson,(720) 653-3440,8,For profit,10/08/2021
063038,REUNION REHABILITATION HOSPITAL INVERNESS,372 INVERNESS DR S,-,ENGLEWOOD,CO,80112,Douglas,(720) 741-8800,8,For profit,03/04/2022
063039,PAM HEALTH REHABILITATION HOSPITAL OF GREELEY,6810 10TH ST,-,GREELEY,CO,80634,Weld,(970) 425-6770,8,Non-profit,03/20/2024
06T006,MONTROSE MEMORIAL HOSPITAL,800 S 3RD ST,-,MONTROSE,CO,81401,Montrose,(970) 249-2211,8,Non-profit,01/01/2018
06T010,POUDRE VALLEY HOSPITAL,1024 S LEMAY AVE,-,FORT COLLINS,CO,80524,Larimer,(970) 237-7453,8,Non-profit,07/01/2018
06T015,COMMONSPIRIT ST. ANTHONY HOSPITAL,11600 W 2ND PLACE,-,LAKEWOOD,CO,80228,Denver,(720) 321-7321,8,Non-profit,07/01/2000
06T020,PARKVIEW MEDICAL CENTER,400 W. 16TH ST.,-,PUEBLO,CO,81003,Pueblo,(719) 595-7020,8,Non-profit,07/01/1994
06T022,UNIVERSITY OF COLORADO HEALTH - MEMORIAL HEALTH,MEMORIAL HOSPITAL CENTRAL,1400 E. BOULDER,COLORADO SPRINGS,CO,80909,El Paso,(719) 365-2702,8,Government,07/01/2020
06T023,ST. MARYS HOSPITAL AND MEDICAL CENTER INC,2635 7TH ST,BOX 1628,GRAND JUNCTION,CO,81501,Mesa,(970) 298-7646,8,Non-profit,06/01/1996
06T024,UNIVERSITY OF COLORADO HOSP,12401 E 17TH AVE CMS F-728,-,AURORA,CO,80045,Denver,(720) 848-3800,8,Government,07/01/2018
06T031,CAPRON NEURO AND TRAUMA REHABILITATION CENTER,6001 E WOODMEN R,6TH FLOOR,COLORADO SPRINGS,CO,80923,El Paso,(719) 571-6630,8,Non-profit,07/01/2017
06T034,SWEDISH GENERAL REHABILITATION,501 E. HAMPDEN AVE.,-,ENGLEWOOD,CO,80113,Arapahoe,(303) 788-6754,8,For profit,01/01/2019
06T064,PORTER ADVENTIST HOSPITAL,2525 S. DOWNING ST.,-,DENVER,CO,80210,Denver,(303) 765-6194,8,Non-profit,01/01/1996
06T112,SKY RIDGE MEDICAL CENTER,10101 RIDGEGATE PKWY,-,LONE TREE,CO,80124,Douglas,(720) 225-1000,8,Non-profit,07/01/2023
06T129,BROOMFIELD HOSPITAL,11820 DESTINATION DRIVE,-,BROOMFIELD,CO,80021,Jefferson,(303) 460-6000,8,For profit,07/01/2019
06TA09,KINDRED HOSPITAL-DENVER,1920 N HIGH ST,-,DENVER,CO,80218,Denver,(303) 320-5871,8,For profit,09/01/2021
073025,MOUNT SINAI REHABILITATION HOSPITAL INC,490 BLUE HILLS AVENUE,-,HARTFORD,CT,06112,Hartford,(860) 714-3500,1,Non-profit,06/15/1995
073027,ENCOMPASS HEALTH REHABILITATION HOSPITAL OF DANBU,50 RESERVE RD,-,DANBURY,CT,06810,Fairfield,(203) 207-6400,1,For profit,10/24/2025
07T006,THE STAMFORD HOSPITAL,ONE HOSPITAL PLAZA,-,STAMFORD,CT,06902,Fairfield,(203) 276-4135,1,Non-profit,10/01/2001
07T007,LAWRENCE MEMORIAL HOSPITAL,365 MONTAUK AVE,-,NEW LONDON,CT,06320,New London,(860) 442-0711,1,Non-profit,10/01/1983
07T022,YALE NEW HAVEN HOSPITAL,300 SEASIDE AVENUE,-,MILFORD,CT,06460,New Haven,(203) 867-8307,1,Non-profit,09/12/2012
07T025,HARTFORD HOSPITAL INPATIENT REHAB FACILITY,80 SEYMOUR STREET; CONKLIN CB6,-,HARTFORD,CT,06102,Hartford,-,1,Non-profit,10/01/2018
07T028,ST VINCENT'S MEDICAL CENTER,2800 MAIN STREET,10 EAST,BRIDGEPORT,CT,06606,Fairfield,(475) 210-5364,1,Non-profit,10/01/1999
07T033,DANBURY HOSPITAL,24 HOSPITAL AVENUE,-,DANBURY,CT,06810,Fairfield,(203) 739-6993,1,Non-profit,10/01/1983
083026,ENCOMPASS HEALTH REHAB HOSPITAL OF MIDDLETOWN,250 EAST HAMPDEN ROAD,-,MIDDLETOWN,DE,19709,New Castle,(302) 464-3400,3,For profit,01/13/2015
083027,PAM REHABILITATION HOSPITAL OF DOVER,1240 MCKEE ROAD,-,DOVER,DE,19904,Kent,(302) 672-5800,3,For profit,03/21/2019
083028,PAM HEALTH REHABILITATION HOSPITAL OF GEORGETOWN L,22303 DUPONT BLVD,-,GEORGETOWN,DE,19947,Sussex,(302) 440-4866,3,For profit,01/27/2023
08T001,CENTER FOR REHABILITATION AT WILMINGTON HOSPITAL,501 WEST 14TH STREET,-,WILMINGTON,DE,19899,New Castle,(302) 320-6999,3,Non-profit,07/01/1994
093025,MEDSTAR NATIONAL REHABILITATION HOSPITAL,102 IRVING STREET NW,-,WASHINGTON,DC,20010,District Of Columbia,(202) 877-1000,3,Non-profit,02/25/1986
09T001,THE GEORGE WASHINGTON UNIV HOSP,900 23RD ST NW,-,WASHINGTON,DC,20037,District Of Columbia,(202) 715-4843,3,For profit,07/01/1984
103026,ST CATHERINE'S REHABILITATION HOSPITAL,1050 NE 125TH ST,-,NORTH MIAMI,FL,33161,MIAMI-DADE,(305) 891-8850,4,Non-profit,02/07/1984
103027,ST ANTHONY'S REHABILITATION HOSPITAL,3487 NW 30TH ST,-,LAUDERDALE LAKES,FL,33311,Broward,(954) 739-6233,4,Non-profit,11/02/1984
103028,ENCOMPASS HEALTH REHAB HOSPITAL OF SUNRISE,4399 NOB HILL RD,-,SUNRISE,FL,33351,Broward,(954) 749-0300,4,For profit,04/02/1985
103031,ENCOMPASS HEALTH REHAB HOSPITAL OF SARASOTA,6400 EDGELAKE DR,-,SARASOTA,FL,34240,Sarasota,(941) 921-8600,4,For profit,09/17/1986
103032,ENCOMPASS HEALTH REHAB HOSPITAL OF TREASURE COAST,1600 37TH ST,-,VERO BEACH,FL,32960,Indian River,(772) 778-2100,4,For profit,08/14/1986
103033,ENCOMPASS HEALTH REHABILITATION HOSPITAL OF TALLAH,1675 RIGGINS RD,-,TALLAHASSEE,FL,32308,Leon,(850) 656-4800,4,For profit,09/15/1986
103034,SEA PINES REHAB HOSP AFFILIATE OF ENCOMPASS HEALTH,101 E FLORIDA AVENUE,-,MELBOURNE,FL,32901,Brevard,(321) 984-4600,4,For profit,12/03/1986
103036,WEST GABLES REHABILITATION HOSPITAL,2525 SW 75TH AVE,-,MIAMI,FL,33155,Miami-Dade,(305) 262-6800,4,Non-profit,10/06/1988
103037,ENCOMPASS HEALTH REHABILITATION HOSPITAL OF LARGO,901 CLEARWATER LARGO RD N,-,LARGO,FL,33770,Pinellas,(727) 586-2999,4,For profit,01/23/1989
103038,ENCOMPASS HEALTH REHABILITATION HOSPITAL OF MIAMI,20601 OLD CUTLER RD,-,MIAMI,FL,33189,Miami-Dade,(305) 251-3800,4,For profit,11/09/1994
103039,BROOKS REHABILITATION HOSPITAL UNIVERSITY CAMPUS,3599 UNIVERSITY BLVD S,-,JACKSONVILLE,FL,32216,Duval,(904) 858-7625,4,Non-profit,01/03/1995
103040,ENCOMPASS HEALTH REHABILITATION HOSPITAL OF PANAMA,1847 FLORIDA AVE,-,PANAMA CITY,FL,32405,Bay,(850) 914-8600,4,For profit,04/28/1997
103042,ENCOMPASS HEALTH REHAB HOSPITAL OF SPRING HILL,12440 CORTEZ BLVD,-,BROOKSVILLE,FL,34613,Hernando,(352) 835-4600,4,For profit,04/21/2003
103043,ENCOMPASS HEALTH REHAB HOSPITAL OF CENTRAL FLORIDA,2275 SW 22ND LANE,-,OCALA,FL,34471,Marion,(352) 282-4000,4,For profit,12/19/2012
103044,ENCOMPASS HEALTH REHAB HOSPITAL AN AFFILIATE OF MA,5850 SE COMMUNITY DR,-,STUART,FL,34997,Martin,(772) 324-3500,4,For profit,06/24/2013
103045,ENCOMPASS HEALTH REHABILITATION HOSPITAL OF ALTAMO,831 S STATE RD 434,-,ALTAMONTE SPRINGS,FL,32714,Seminole,(407) 587-8600,4,For profit,11/22/2014
103046,UF HEALTH REHABILITATION HOSPITAL,2708 SW ARCHER ROAD,-,GAINESVILLE,FL,32608,Alachua,(352) 554-2000,4,For profit,04/25/2019
103047,ENCOMPASS HEALTH REHABILITATION HOSPITAL OF NORTH,3840 ATMORE GROVE DR,-,LUTZ,FL,33548,Hillsborough,(813) 607-3600,4,For profit,04/28/2021
103048,ENCOMPASS HEALTH REHABILITATION HOSPITAL OF PENSAC,1101 OFFICE WOODS DR,-,PENSACOLA,FL,32504,Escambia,(850) 805-2000,4,For profit,09/23/2021
103049,ENCOMPASS HEALTH REHABILITATION HOSPITAL OF ST AUG,65 SILVER LANE,-,SAINT AUGUSTINE,FL,32084,St. Johns,(904) 640-2000,4,For profit,03/25/2022
103050,ENCOMPASS HEALTH REHABILITATION HOSPITAL OF LAKELA,1201 OAKRIDGE PWY,-,LAKELAND,FL,33803,Polk,(833) 635-2410,4,For profit,05/26/2022
103051,TAMPA GENERAL REHABILITATION HOSPITAL,1307 W KENNEDY BLVD,-,TAMPA,FL,33606,Hillsborough,(813) 844-7794,4,For profit,06/17/2022
103052,ENCOMPASS HEALTH REHABILITATION HOSPITAL OF JACKSO,11595 BURNT MILL RD,-,JACKSONVILLE,FL,32256,Duval,(904) 596-5000,4,For profit,07/14/2022
103053,REHABILITATION HOSPITAL OF CAPE CORAL,1730 NE PINE ISLAND RD,-,CAPE CORAL,FL,33909,Lee,(239) 599-3600,4,For profit,06/28/2022
103054,REHABILITATION HOSPITAL OF NAPLES,14305 COLLIER BLVD,-,NAPLES,FL,34119,Collier,(239) 383-6000,4,For profit,10/31/2022
103055,ENCOMPASS HEALTH REHABILITATION HOSPITAL OF CLERMO,2901 SR 50,-,CLERMONT,FL,34711,Lake,(205) 413-9699,4,For profit,05/08/2023
103056,PAM HEALTH REHABILITATION HOSPITAL OF TAVARES,1730 MAYO DR,-,TAVARES,FL,32778,Lake,(561) 532-3111,4,For profit,03/10/2023
103057,PAM HEALTH REHABILITATION HOSPITAL OF JUPITER,5075 INNOVATION WAY,-,JUPITER,FL,33458,Palm Beach,(561) 935-3002,4,For profit,06/20/2023
103061,CLEARSKY REHABILITATION HOSPITAL OF LECANTO,3967 W NORVELL BRYANT HWY,-,LECANTO,FL,34461,Citrus,(352) 835-0819,4,For profit,11/14/2023
103062,PAM HEALTH REHABILITATION HOSPITAL OF VENICE,2639 CURRY LANE,-,NOKOMIS,FL,34275,Sarasota,(941) 244-5089,4,For profit,01/17/2024
103063,REUNION REHABILITATION HOSPITAL JACKSONVILLE,12645 SALINA DR,-,JACKSONVILLE,FL,32246,Duval,(214) 316-2777,4,For profit,12/12/2023
103064,ENCOMPASS HEALTH REHABILITATION HOSPITAL OF KISSIM,4950 CALYPSO CAY WAY,-,KISSIMMEE,FL,34746,Osceola,(321) 286-3300,4,For profit,05/22/2024
103065,ORLANDO REHABILITATION HOSPITAL,980 GATEWAY DR,-,ALTAMONTE SPRINGS,FL,32701,Seminole,(321) 989-3104,4,For profit,08/03/2024
103066,NORTH FLORIDA REHABILITATION HOSPITAL,7775 VOLUNTEER WAY,-,JACKSONVILLE,FL,32221,Duval,(904) 578-1300,4,For profit,06/20/2024
103067,UF HEALTH REHABILITATION HOSPITAL - JACKSONVILLE,"15255 MAX LEGGETT PKWY, 2ND AND 3RD FLOORS",-,JACKSONVILLE,FL,32218,Duval,(904) 456-8001,4,For profit,10/29/2024
103068,FLORIDA REHABILITATION HOSPITAL AT TAMPA,6805 WOODSTORK RD,-,TEMPLE TERRACE,FL,33637,Hillsborough,(469) 640-6500,4,For profit,05/06/2025
103069,REHABILITATION HOSPITAL OF FORT MYERS,6150 MEDICAL PARK LOOP,-,FORT MYERS,FL,33912,Lee,(239) 722-3600,4,For profit,06/10/2025
103070,ENCOMPASS HEALTH REHABILITATION HOSPITAL OF DAYTON,1952 N WILLIAMSON BLVD,-,DAYTONA BEACH,FL,32117,Volusia,(386) 363-2000,4,For profit,07/28/2025
103071,CLEARSKY REHABILITATION HOSPITAL OF LAKE CITY,198 SW REAL TERRACE,-,LAKE CITY,FL,32056,Columbia,(205) 747-1776,4,For profit,11/03/2025
103072,ENCOMPASS HEALTH REHABILITATION HOSPITAL OF LAKE W,9719 LANTANA ROAD,-,LAKE WORTH,FL,33467,Palm Beach,(205) 969-4504,4,For profit,12/26/2025
103073,ENCOMPASS HEALTH REHABILITATION HOSPITAL OF ST PET,1000 TYRONE BLVD NORTH,-,SAINT PETERSBURG,FL,33710,Pinellas,(727) 231-7500,4,For profit,12/01/2025
103074,EXALT HEALTH REHABILITATION HOSPITAL WILDWOOD,4756 CR-44A,-,WILDWOOD,FL,34785,Sumter,(832) 603-2128,4,For profit,03/23/2026
10T002,BETHESDA MEMORIAL HOSPITAL,2815 SOUTH SEACREST BLVD,-,BOYNTON BEACH,FL,33435,Palm Beach,(561) 737-7733,4,Non-profit,10/01/2024
10T006,ORLANDO REGIONAL REHAB INSTITUTE,1414 KUHL AVE,-,ORLANDO,FL,32806,Orange,(321) 841-4165,4,Non-profit,10/01/2025
10T007,ADVENTHEALTH INPATIENT REHABILITATION,601 E ROLLINS ST,-,ORLANDO,FL,32803,Orange,(407) 303-7167,4,Non-profit,01/01/2024
10T017,HALIFAX HEALTH,350 N. CLYDE MORRIS BLVD,-,DAYTONA BEACH,FL,32114,Volusia,(386) 254-4000,4,Government,10/01/2025
10T022,JACKSON MEMORIAL HOSPITAL,1611 N.W. 12 AVENUE,-,MIAMI,FL,33136,Miami-Dade,(305) 585-7292,4,Government,10/01/2024
10T032,BAYFRONT HEALTH ST. PETERSBURG,701 6TH ST SOUTH,-,ST. PETERSBURG,FL,33701,Pinellas,(727) 893-6042,4,Non-profit,10/01/2025
10T034,MOUNT SINAI MEDICAL CENTER,INPATIENT REHAB DEPT.,4300 ALTON ROAD,MIAMI BEACH,FL,33140,Miami-Dade,(305) 674-2121,4,Non-profit,01/01/2021
10T038,MEMORIAL REHABILITATION INSTITUTE,3600 WASHINGTON STREET,-,HOLLYWOOD,FL,33021,Broward,(954) 518-2902,4,Government,05/01/2023
10T057,ADVENTHEALTH WATERMAN,1000 WATERMAN WAY,-,TAVARES,FL,32778,Lake,(352) 253-3300,4,Non-profit,01/01/2026
10T068,ADVENTHEALTH DAYTONA BEACH,301 MEMORIAL MEDICAL PKWY,-,DAYTONA BEACH,FL,32117,Volusia,(386) 547-3838,4,Non-profit,01/01/2026
10T073,HOLY CROSS HOSPITAL,4725 NORTH FEDERAL HIGHWAY,-,FORT LAUDERDALE,FL,33308,Broward,(954) 776-3075,4,Non-profit,07/01/2023
10T080,HCA FLORIDA JFK HOSPITAL,5301 S CONGRESS AVE,-,ATLANTIS,FL,33462,Palm Beach,(561) 965-7300,4,For profit,07/01/2023
10T086,BROWARD HEALTH NORTH-INPATIENT REHABILITATION UNIT,201 EAST SAMPLE ROAD,-,DEERFIELD BEACH,FL,33064,Broward,(954) 786-6445,4,Government,07/01/2024
10T087,SARASOTA MEMORIAL HOSPITAL,1700 SOUTH TAMIAMI TRAIL,-,SARASOTA,FL,34239,Sarasota,(941) 917-9000,4,Government,10/01/2025
10T110,OSCEOLA RGNL PHYSICAL REHAB,700 W OAK ST,-,KISSIMMEE,FL,34741,Osceola,(407) 518-5208,4,For profit,01/04/2025
10T125,HOMESTEAD HOSPITAL,975 BAPTIST WAY,-,HOMESTEAD,FL,33033,Miami-Dade,(786) 243-8000,4,Non-profit,10/01/2025
10T126,PALMS OF PASADENA HOSPITAL,1501 PASADENA AVE S,-,ST PETERSBURG,FL,33707,Pinellas,(727) 341-7638,4,For profit,10/01/2025
10T131,HCA FLORIDA AVENTURA HOSPITAL,20900 BISCAYNE BLVD,-,AVENTURA,FL,33180,Miami-Dade,(305) 682-7000,4,Non-profit,01/01/2023
10T157,LAKELAND REGIONAL HEALTH,1324 LAKELAND HILLS BLVD,-,LAKELAND,FL,33805,Polk,(863) 687-1100,4,Non-profit,10/01/2025
10T161,CENTRAL FLORIDA REGIONAL HOSPITAL,1401 W SEMINOLE BLVD,-,SANFORD,FL,32771,Seminole,(407) 562-0924,4,For profit,06/01/2025
10T167,PLANTATION GENERAL HOSPITAL,401 NW 42ND AVE,-,PLANTATION,FL,33317,Broward,(305) 854-4400,4,Non-profit,09/01/2021
10T173,FLORIDA HOSPITAL TAMPA,3100 EAST FLETCHER AVENUE,-,TAMPA,FL,33613,Hillsborough,(813) 615-7200,4,Non-profit,01/01/2025
10T212,HCA FLORIDA OCALA HOSPITAL,1431 SW 1ST AVE,-,OCALA,FL,34471,Marion,(352) 401-1000,4,For profit,09/01/2025
10T213,BLAKE MEDICAL CENTER,2020 59TH ST W,-,BRADENTON,FL,34209,Manatee,(941) 798-6192,4,For profit,05/01/2021
10T223,FORT WALTON BEACH MEDICAL CENTER,1000 MAR WALT DRIVE,-,FORT WALTON BEACH,FL,32547,Okaloosa,(850) 443-0878,4,For profit,06/01/2025
10T224,HCA FLORIDA WOODMONT HOSPITAL,7201 N UNIVERSITY DR,-,TAMARAC,FL,33321,Broward,(954) 721-2200,4,For profit,05/01/2025
10T226,HCA FL ORANGE PARK HOSPITAL REHABILITATION CENTER,1883 KINGSLEY AVE,-,ORANGE PARK,FL,32073,Clay,(904) 639-1800,4,Non-profit,01/01/2022
10T231,FLORIDA WEST REHABILITATION CENTER,8391 NORTH DAVIS HIGHWAY,-,PENSACOLA,FL,32514,Escambia,(850) 494-5131,4,For profit,06/01/2022
10T236,FAWCETT MEMORIAL HOSPITAL,21298 OLEAN BOULEVARD,-,PORT CHARLOTTE,FL,33949,Charlotte,(941) 624-8970,4,For profit,01/01/2026
10T242,HCA FLORIDA GULF COAST HOSPITAL,449 W 23RD ST,-,PANAMA CITY,FL,32405,Bay,(850) 769-8341,4,For profit,02/01/2023
10T243,HCA FLORIDA BRANDON HOSPITAL,119 OAKFIELD DR,-,BRANDON,FL,33511,Hillsborough,(813) 681-5551,4,For profit,12/21/2022
10T246,LAWNWOOD PHYSICAL REHAB CENTER,1860 N. LAWNWOOD CIR.,-,FORT PIERCE,FL,34950,St. Lucie,(772) 467-3903,4,For profit,10/01/2026
10T248,LARGO MEDICAL CENTER,2025 INDIAN ROCKS ROAD,-,LARGO,FL,33774,Pinellas,(727) 586-7146,4,For profit,03/01/2023
10T254,HCA FLORIDA CAPITAL HOSPITAL,2626 CAPITAL MEDICAL BLVD,-,TALLAHASSEE,FL,32308,Leon,(850) 656-5000,4,For profit,05/01/2025
10T256,HCA FLORIDA BAYONET POINT HOSPITAL,14000 FIVAY RD,-,HUDSON,FL,34667,Pasco,(727) 819-2929,4,For profit,03/01/2023
10T258,DELRAY MEDICAL CENTER,5352 LINTON BLVD,-,DELRAY BEACH,FL,33484,Palm Beach,(561) 498-4440,4,For profit,01/01/2024
10T286,PHYSICIANS REGIONAL MEDICAL CENTER - PINE RIDGE,6101 PINE RIDGE ROAD,-,NAPLES,FL,34119,Collier,(239) 304-5145,4,For profit,10/01/2026
10T288,ST MARY'S WEST PALM BEACH,ST. MARY'S MEDICAL CENTER,901 45TH STREET,WEST PALM BEACH,FL,33407,Miami-Dade,(561) 841-9409,4,For profit,06/01/2025
10T290,UF HEALTH SPANISH PLAINES REHAB HOSPITAL,1451 EL CAMINO REAL,-,THE VILLAGES,FL,32159,Sumter,(352) 751-8593,4,Non-profit,07/01/2025
10T307,ASCENSION ST VINCENT'S SOUTHSIDE,4201 BELFORT RD,-,JACKSONVILLE,FL,32216,Duval,(904) 296-3700,4,Non-profit,07/01/2025
10TA09,KINDRED HOSPITAL-BAY AREA-TAMPA,4555 S MANHATTAN AVE,-,TAMPA,FL,33611,Hillsborough,(813) 839-6341,4,For profit,09/01/2023
10TA10,KINDRED HOSPITAL-SOUTH FLORIDA-FT LAUDERDALE,1516 E LAS OLAS BLVD,-,FORT LAUDERDALE,FL,33301,Broward,(954) 764-8900,4,For profit,09/01/2026
10TA15,KINDRED HOSPITAL-NORTH FLORIDA,801 OAK ST,-,GREEN COVE SPRINGS,FL,32043,Clay,(904) 284-9230,4,For profit,09/01/2023
10TA20,SELECT SPECIALTY HOSPITAL - TALLAHASSEE,1554 SURGEONS DR,-,TALLAHASSEE,FL,32308,Leon,(850) 219-6800,4,For profit,03/01/2025
10TA24,SELECT SPECIALTY HOSPITAL PENSACOLA,7000 COBBLE CREEK DR,-,PENSACOLA,FL,32504,Escambia,(850) 479-5938,4,For profit,04/01/2023
10TA25,KINDRED HOSPITAL THE PALM BEACHES,5555 W BLUE HERON BLVD,-,RIVIERA BEACH,FL,33418,Palm Beach,(561) 840-0754,4,For profit,09/01/2026
10TA27,KINDRED HOSPITAL MELBOURNE,765 W NASA BLVD,-,MELBOURNE,FL,32901,Brevard,(321) 733-5725,4,For profit,09/01/2023
113028,WELLSTAR ROOSEVELT REHAB CARE AT WARM SPRINGS,"6135 ROOSEVELT HIGHWAY, P O BOX 280",-,WARM SPRINGS,GA,31830,Meriwether,(706) 655-5515,4,Government,07/01/2006
113029,ATRIUM HEALTH NAVICENT REHABILITATION HOSPITAL,3351 NORTHSIDE DRIVE,-,MACON,GA,31210,Bibb,(478) 471-6500,4,For profit,06/11/2007
113030,REHABILIATION HOSPITAL OF AUGUSTA,1355 INDEPENDENCE DRIVE,-,AUGUSTA,GA,30901,Richmond,(706) 724-7746,4,For profit,04/26/2013
113031,EMORY REHABILITATION HOSPITAL,1441 CLIFTON ROAD NE,-,ATLANTA,GA,30322,DeKalb,(404) 712-5512,4,For profit,07/29/2014
113032,REHABILITATION HOSPITAL OF NEWNAN,2101 EAST NEWNAN CROSSING BLVD,-,NEWNAN,GA,30265,Coweta,(678) 552-6200,4,For profit,12/22/2014
113033,ENCOMPASS HEALTH REHAB HOSPITAL OF SAVANNAH,6510 SEAWRIGHT DRIVE,-,SAVANNAH,GA,31404,Chatham,(912) 235-6000,4,For profit,04/23/2015
113034,ENCOMPASS HEALTH REHABILITATION HOSPITAL OFCUMMING,1165 SANDERS ROAD,-,CUMMING,GA,30041,Forsyth,(470) 533-4200,4,For profit,06/29/2021
113035,REHABILITATION HOSPITAL OF HENRY,2200 PATRICK HENRY PARKWAY,-,MCDONOUGH,GA,30253,Henry,(470) 713-2000,4,For profit,11/17/2021
113036,REHABILITATION HOSPITAL OF COLUMBUS,8321 VETERANS PARKWAY,-,COLUMBUS,GA,31909,Muscogee,(762) 332-3200,4,For profit,09/15/2023
113037,REHABILITATION HOSPITAL OF ATLANTA,"1968 PEACHTREE RD NW, BUILDING 2, 6TH FLOOR",-,ATLANTA,GA,30309,Fulton,(404) 937-4400,4,For profit,06/28/2024
113038,REHABILITATION HOSPITAL OF ATHENS,1083 PARKWAY BLVD,-,ATHENS,GA,30606,Clarke,(706) 208-6500,4,For profit,04/09/2025
113039,"NORTHEAST GEORGIA REHABILITATION INSTITUE, LLC",2500 LIMESTONE PARKWAY,-,GAINESVILLE,GA,30501,Hall,(470) 941-6500,4,For profit,07/02/2025
11T003,MEMORIAL SATILLA HOSPITAL,2500 SATILLA PARKWAY,-,WAYCROSS,GA,31503,Ware,(478) 297-0349,4,Non-profit,01/01/2017
11T006,REHAB MEDICINE ST. MARYS ATHENS,1230 BAXTER STREET,-,ATHENS,GA,30606,Clarke,(502) 596-6346,4,Non-profit,01/01/2004
11T007,PHOEBE PUTNEY MEMORIAL HOSPITAL,2000 PALMYRA RD,-,ALBANY,GA,31701,Dougherty,(229) 434-2264,4,Government,10/01/1999
11T010,EMORY UNIVERSITY HOSPITAL,1364 CLIFTON ROAD NE,-,ATLANTA,GA,30322,DeKalb,(404) 712-5512,4,Non-profit,09/01/1984
11T024,THE REHAB CENTER AT CANDLER,5353 REYNOLDS ST.,5 SOUTH - REHAB UNIT,SAVANNAH,GA,31405,Chatham,(615) 500-7913,4,Non-profit,07/01/1998
11T032,STEPHENS COUNTY HOSPITAL,163 HOSPITAL DRIVE,-,TOCCOA,GA,30577,Stephens,(706) 282-4250,4,Government,10/01/2021
11T035,WELLSTAR KENNESTONE INPATIENT REHAB,677 CHURCH STREET,-,MARIETTA,GA,30060,Cobb,(770) 793-6696,4,Government,07/01/1993
11T038,JOHN D. ARCHBOLD MEMORIAL HOSPITAL,GORDON AVE. @ MIMOSA DRIVE,P.O. BOX 1018,THOMASVILLE,GA,31792,Thomas,(229) 228-8063,4,Non-profit,10/01/1994
11T054,FLOYD MEDICAL CENTER,304 TURNER MCCALL BLVD,-,ROME,GA,30162,Floyd,(502) 596-6346,4,Government,02/05/2007
11T076,EMORY DECATUR HOSPITAL,2701 NORTH DECATUR ROAD,-,DECATUR,GA,30033,DeKalb,(404) 501-1000,4,Non-profit,07/01/1997
11T079,GRADY MEMORIAL HOSPITAL,"80 JESSE HILL, JR DRIVE SE",-,ATLANTA,GA,30303,Fulton,(404) 616-4252,4,Non-profit,05/15/2024
11T087,GLANCY REHABILITATION CENTER,3215 MCCLURE BRIDGE ROAD,-,DULUTH,GA,30096,Gwinnett,(678) 312-6000,4,Government,07/01/1995
11T122,SOUTH GEORGIA MEDICAL CENTER,2501 N PATTERSON ST,-,VALDOSTA,GA,31603,Lowndes,(229) 259-4291,4,Government,10/01/1991
11T125,FAIRVIEW PARK HOSPITAL,200 INDUSTRIAL BLVD,-,DUBLIN,GA,31040,Laurens,(478) 274-3264,4,For profit,05/01/1995
11T143,WELLSTAR COBB HOSPITAL,3950 AUSTELL ROAD,3950 AUSTELL RD,AUSTELL,GA,30106,Cobb,(470) 732-4032,4,Government,07/01/1997
11T164,PIEDMONT MACON REHABILITATION CENTER,350 HOSPITAL DRIVE,-,MACON,GA,31217,Bibb,(478) 765-7000,4,Non-profit,04/01/1994
11T165,SOUTHERN REGIONAL MEDICAL CTR,11 UPPER RIVERDALE RD,-,RIVERDALE,GA,30274,Clayton,(770) 991-8296,4,Non-profit,07/01/2005
11T168,REDMOND REGIONAL MEDICAL CENTER,501 REDMOND ROAD,-,ROME,GA,30165,Floyd,(706) 291-0291,4,For profit,07/01/2003
11T177,DOCTORS HOSPITAL,3651 WHEELER ROAD,-,AUGUSTA,GA,30909,Richmond,(706) 651-6129,4,For profit,09/01/1984
11T192,PIEDMONT EASTSIDE MEDICAL CENTER,2160 FOUNTAIN DRIVE,-,SNELLVILLE,GA,30078,Gwinnett,(770) 985-3885,4,For profit,09/01/2005
11T198,WELLSTAR N FULTON HOSPITAL,3000 HOSPITAL BLVD.,-,ROSWELL,GA,30076,Fulton,(770) 751-2653,4,For profit,11/01/1985
11T252,NORTHSIDE HOSPITAL DULUTH,3620 HOWELL FERRY ROAD,-,DULUTH,GA,30096,Gwinnett,(678) 312-1000,4,Non-profit,07/01/2021
123025,REHABILITATION HOSPITAL OF THE PACIFIC,226 N KUAKINI STREET,-,HONOLULU,HI,96817,Honolulu,(808) 531-3511,9,Non-profit,10/01/1984
133027,REHABILITATION HOSPITAL OF THE NORTHWEST,3372 E JENALAN AVE,-,POST FALLS,ID,83854,Kootenai,(208) 262-8700,10,For profit,01/31/2014
133028,SAINT ALPHONSUS REGIONAL REHABILITATION HOSPITAL,711 NORTH CURTIS ROAD,-,BOISE,ID,83706,Ada,(208) 605-3000,10,For profit,08/10/2019
13T002,ST. LUKE'S MAGIC VALLEY REGIONAL MEDICAL CENTER,P.O BOX 409,775 POLE LINE ROAD WEST SUITE,TWIN FALLS,ID,83301,Twin Falls,(208) 814-3725,10,Non-profit,10/01/2007
13T003,ST JOSEPH REGIONAL MEDICAL CENTER,415 SIXTH STREET,-,LEWISTON,ID,83501,Nez Perce,(208) 799-5300,10,Non-profit,02/09/2024
13T006,ST. LUKE'S REHABILITATION HOSPITAL,600 N ROBBINS ROAD,-,BOISE,ID,83701,Ada,(208) 489-4444,10,Non-profit,10/01/2014
13T018,EASTERN IDAHO REGIONAL MEDICAL CENTER,3100 CHANNING WAY,P.O. BOX 2077,IDAHO FALLS,ID,83403,Bonneville,(208) 529-7679,10,For profit,01/01/1990
13T028,PORTNEUF MEDICAL CENTER,777 HOSPITAL WAY,-,POCATELLO,ID,83201,Bannock,(208) 239-1460,10,For profit,05/10/2011
13TA01,NORTHERN IDAHO ADVANCED CARE HOSPITAL,600 NORTH CECIL ROAD,-,POST FALLS,ID,83854,Kootenai,(208) 262-2800,10,For profit,10/01/2025
143025,SCHWAB REHABILITATION HOSPITAL,1401 S CALIFORNIA AVENUE,-,CHICAGO,IL,60608,Cook,(773) 522-2010,5,Non-profit,07/01/1984
143026,SHIRLEY RYAN ABILITYLAB,355 E ERIE ST,-,CHICAGO,IL,60611,Cook,(312) 238-3305,5,Non-profit,09/01/1984
143027,MARIANJOY REHABILITATION CENTER,26W171 ROOSEVELT ROAD,-,WHEATON,IL,60187,DuPage,(630) 909-8000,5,Non-profit,07/01/1985
143028,VAN MATRE ENCOMPASS HEALTH REHABILITATION INSTITUT,950 S MULFORD RD,-,ROCKFORD,IL,61108,WINNEBAGO,(815) 381-8548,5,For profit,04/11/2002
143029,ANDERSON REHABILITATION INSTITUTE,3402 ANDERSON HEALTHCARE DR,-,EDWARDSVILLE,IL,62025,Madison,(618) 307-7900,5,For profit,08/22/2021
143030,THE REHABILITATION INSTITUTE OF SOUTHERN ILLINOIS,2351 FRANK SCOTT PARKWAY EAST,-,SHILOH,IL,62269,St. Clair,(618) 200-6762,5,For profit,03/08/2022
143031,ENCOMPASS HEALTH REHAB INSTITUTE OF LIBERTYVILLE,1201 AMERICAN WAY,-,LIBERTYVILLE,IL,60048,Lake,(847) 371-6521,5,For profit,04/13/2022
143032,THE QUAD CITIES REHABILITATION INSTITUTE,653 52ND AVE,-,MOLINE,IL,61265,Rock Island,(309) 581-3600,5,For profit,09/07/2022
14T007,AMITA SAINT JOSEPH MED CTR-JOLIET,333 N. MADISON,-,JOLIET,IL,60435,Will,(502) 596-6346,5,Non-profit,09/01/1987
14T008,GOTTLIEB MEMORIAL HOSPITAL,701 W NORTH AVE,-,MELROSE PARK,IL,60160,Cook,(708) 538-4219,5,Non-profit,07/01/2016
14T011,HERRIN HOSPITAL,HERRIN HOSPITAL,-,HERRIN,IL,62948,Williamson,(618) 942-2171,5,Non-profit,04/01/2000
14T013,CARLE HEALTH PROCTOR HOSPITAL,5409 N KNOXVILLE AVE,-,PEORIA,IL,61614,Peoria,(309) 691-1000,5,Non-profit,01/01/2024
14T015,BLESSING HOSPITAL,BROADWAY @ 11TH,-,QUINCY,IL,62305,Adams,(217) 223-8400,5,Non-profit,10/01/1985
14T029,RUSH-COPLEY MEDICAL CENTER,2000 WEST OGDEN AVE.,-,AURORA,IL,60506,Kane,(630) 978-4877,5,Non-profit,03/01/2026
14T046,SSM HEALTH GOOD SAMARITAN HOSP,1 GOOD SAMARITAN WAY,-,MOUNT VERNON,IL,62864,Jefferson,(618) 899-3197,5,Non-profit,01/01/1990
14T054,MACNEAL HOSPITAL,3249 S. OAK PARK AVE,-,BERWYN,IL,60402,Cook,(708) 783-9100,5,For profit,10/01/2015
14T065,ADVENTIST LA GRANGE MEMORIAL HOSPITAL,5101 WILLOW SPRINGS RD,-,LA GRANGE,IL,60525,Cook,(708) 245-6521,5,Non-profit,01/01/2015
14T091,CARLE FOUNDATION HOSPITAL,611 W. PARK,-,URBANA,IL,61801,Champaign,(217) 383-6423,5,Non-profit,07/01/1991
14T114,SWEDISH COVENANT HOSPITAL,SWEDISH COVENANT HOSPITAL,-,CHICAGO,IL,60625,Cook,(773) 989-6248,5,Non-profit,04/01/1984
14T116,CENTEGRA HOSPITAL - MCHENRY,4201 MEDICAL CENTER DRIVE,-,MCHENRY,IL,60050,McHenry,(815) 759-4612,5,Non-profit,07/01/2004
14T117,RESURRECTION MEDICAL CENTER - CHICAGO LLC,7435 W TALCOTT AVE,-,CHICAGO,IL,60631,Cook,(773) 990-6067,5,Non-profit,07/01/1991
14T127,BROMENN REGIONAL MEDICAL CENTER,BROMENN REGIONAL MEDICAL CENTE,-,BLOOMINGTON,IL,61702,McLean,(309) 268-1400,5,Non-profit,07/01/1993
14T135,DECATUR MEMORIAL HOSPITAL,2300 NORTH EDWARD STREET,-,DECATUR,IL,62526,Macon,(217) 876-8121,5,Non-profit,10/01/1989
14T148,MEMORIAL MEDICAL CENTER,701 N 1ST ST,-,SPRINGFIELD,IL,62781,Sangamon,(217) 757-7602,5,Non-profit,10/01/1983
14T150,UNIVERSITY OF ILLINOIS MEDICAL CENTER AT CHICAGO,1740 W. TAYLOR ST. M/C 889,-,CHICAGO,IL,60612,Cook,(312) 996-3698,5,Government,07/01/1988
14T158,MERCY HOSPITAL REHABILITATION UNIT,2525 SOUTH MICHIGAN AVE,-,CHICAGO,IL,60616,Cook,(502) 596-6346,5,Non-profit,07/01/1984
14T166,ST MARYS HOSPITAL,1800 E LAKE SHORE DR,-,DECATUR,IL,62521,Macon,(217) 464-5195,5,Non-profit,07/01/2008
14T172,ST. JAMES HOSPITAL,20201 S. CRAWFORD,-,OLYMPIA FIELDS,IL,60461,Cook,(708) 747-4000,5,Non-profit,07/01/1985
14T180,AMITA HEALTH SAINTS MARY AND ST ELIZABETH MED CTR,2233 WEST DIVISION STREET,-,CHICAGO,IL,60622,Cook,(312) 770-2268,5,Non-profit,01/01/1984
14T182,ADVOCATE ILLINOIS MASONIC MEDICAL CENTER,836 W. WELLINGTON STREET,-,CHICAGO,IL,60657,Cook,(773) 293-7523,5,Non-profit,11/01/1983
14T186,RIVERSIDE MEDICAL CENTER,350 N WALL,-,KANKAKEE,IL,60901,Kankakee,(502) 596-6346,5,Non-profit,01/01/1985
14T191,INGALLS MEMORIAL HOSPITAL,ONE INGALLS DRIVE,-,HARVEY,IL,60426,Cook,(708) 915-4686,5,Physician,01/01/1990
14T208,ADVOCATE CHRIST MEDICAL CENTER,ADVOCATE CHRIST MEDICAL CENTER,4440 WEST 95TH STREET,OAK LAWN,IL,60453,Cook,(708) 684-2000,5,Non-profit,01/01/1984
14T213,SILVER CROSS HOSPITAL,1900 SILVER CROSS BLVD.,-,NEW LENOX,IL,60451,Will,(815) 300-1100,5,Non-profit,10/01/2012
14T217,PRESENCE ST JOSEPH - ELGIN,77 N. AIRLITE STREET,-,ELGIN,IL,60123,Kane,(502) 596-6346,5,Non-profit,11/22/2000
14T223,ADVOCATE LUTHERAN GENERAL HOSPITAL,1775 WEST DEMPTER,-,PARK RIDGE,IL,60068,Cook,(847) 723-7218,5,Non-profit,06/30/1984
14T239,ROCKFORD MEMORIAL HOSPITAL,2400 NORTH ROCKTON AVENUE,-,ROCKFORD,IL,61103,Winnebago,(815) 971-5000,5,Non-profit,03/01/1984
14T252,NORTHWEST COMMUNITY HEALTHCARE,800 WEST CENTRAL ROAD,-,ARLINGTON HEIGHTS,IL,60005,Cook,(502) 596-6346,5,Non-profit,10/01/2015
14T258,ALEXIAN BROTHERS MEDICAL CENTER,800 W BIESTERFIELD RD,-,ELK GROVE VILLAGE,IL,60007,Cook,(847) 437-5500,5,Non-profit,01/01/1984
14TA13,GREATER PEORIA SPECIALTY HOSPITAL,500 W ROMEO B GARRETT AVENUE,-,PEORIA,IL,61605,Peoria,(309) 680-1500,5,Non-profit,09/01/2022
14TA15,"RUSH SPECIALTY HOSPITAL, LLC",516 S LOOMIS ST,-,CHICAGO,IL,60607,Cook,(872) 298-9199,5,For profit,12/01/2024
153025,ENCOMPASS HEALTH DEACONESS REHABILITATION HOSPITAL,9355 WARRICK TRAIL,-,NEWBURGH,IN,47630,Warrick,(812) 476-9983,5,For profit,06/08/1989
153028,REHABILITATION HOSPITAL OF INDIANA INC,4141 SHORE DR,-,INDIANAPOLIS,IN,46254,Marion,(317) 329-2000,5,Non-profit,02/10/1992
153030,SELECT MEDICAL REHABILITATION HOSPITAL AT LUTHERAN,7970 W JEFFERSON BLVD,-,FORT WAYNE,IN,46804,Allen,(260) 435-6100,5,For profit,11/22/1993
153042,LAFAYETTE REGIONAL REHABILITATION HOSPITAL,950 PARK EAST BLVD,-,LAFAYETTE,IN,47905,Tippecanoe,(765) 447-4040,5,For profit,04/18/2013
153043,COMMUNITY HEALTH NETWORK REHABILITATION HOSPITAL,7343 CLEARVISTA DRIVE,-,INDIANAPOLIS,IN,46256,Marion,(317) 585-5400,5,For profit,07/16/2013
153044,COMMUNITY HEALTH NETWORK REHABILITATION HOSP SO,607 SOUTH GREENWOOD SPRINGS DRIVE,-,GREENWOOD,IN,46143,Johnson,(317) 215-3808,5,For profit,09/18/2018
153045,POWERS HEALTH REHABILITATION CENTER,10215 BROADWAY AVENUE,-,CROWN POINT,IN,46307,Lake,(219) 661-6055,5,Non-profit,08/30/2019
153046,PAM HEALTH REHABILITATION HOSPITAL OF GREATER INDI,2101 BROADWAY STREET,-,CLARKSVILLE,IN,47129,Clark,(812) 913-6880,5,For profit,04/16/2020
153047,"REHABILITATION HOSPITAL OF NORTHERN INDIANA, LLC",4807 EDISON LAKES PARKWAY,-,MISHAWAKA,IN,46545,St. Joseph,(574) 243-7727,5,For profit,05/28/2020
153048,"INDIANAPOLIS REHABILITATION HOSPITAL, LLC",1260 CITY CENTER DRIVE,-,CARMEL,IN,46032,Hamilton,(463) 333-9110,5,For profit,03/18/2021
153049,BLOOMINGTON REGIONAL REHABILITATION HOSPITAL LLC,3050 N LINTEL DRIVE,-,BLOOMINGTON,IN,47404,Monroe,(812) 336-2815,5,For profit,12/17/2021
153050,COMMUNITY REHABILITATION HOSPITAL WEST,8920 E 56TH STREET,-,BROWNSBURG,IN,46112,Hendricks,(463) 348-7000,5,For profit,06/09/2023
15T002,METHODIST NORTHLAKE,600 GRANT ST,-,GARY,IN,46402,Lake,(219) 886-4633,5,Non-profit,01/01/1984
15T008,THE REHABILITATION CENTER AT ST. CATHERINE HOSPITA,4321 FIR STREET,-,EAST CHICAGO,IN,46312,Lake,(502) 596-6346,5,Non-profit,01/01/2002
15T010,ST VINCENT KOKOMO HOSPITAL HEALTH CENTER,1907 SYCAMORE STREET,-,KOKOMO,IN,46901,Howard,(765) 456-5210,5,Non-profit,07/01/2002
15T011,MARION ARU,441 N. WABASH AVENUE,-,MARION,IN,46952,Grant,(502) 596-6346,5,Non-profit,07/01/2005
15T021,PARKVIEW HOSPITAL,2200 RANDALLIA DRIVE,-,FORT WAYNE,IN,46805,Allen,(260) 373-3691,5,Non-profit,01/01/1984
15T023,UNION HOSPITAL,MEDICAL REHABILITATION UNIT,1606 N 7TH ST,TERRE HAUTE,IN,47804,Vigo,(812) 238-7362,5,Non-profit,09/01/1989
15T034,ST. MARY MEDICAL CENTER INC,1500 S. LAKE PARK AVENUE,-,HOBART,IN,46342,Lake,(502) 596-6346,5,Non-profit,01/01/2001
15T035,PORTER HOSPITAL,3630 WILLOWCREEK RD,-,PORTAGE,IN,46368,Porter,(219) 263-7115,5,For profit,01/01/2009
15T042,GOOD SAMARITAN HOSPITAL,520 SOUTH SEVENTH,-,VINCENNES,IN,47591,Knox,(812) 885-3601,5,Non-profit,01/01/2001
15T046,TERRE HAUTE REGIONAL HOSPITAL,3901 SOUTH 7TH STREET,-,TERRE HAUTE,IN,47802,Vigo,(812) 230-1547,5,For profit,09/01/2006
15T048,REID HOSPITAL AND HEALTH CARE SERVICES,1100 REID PARKWAY,-,RICHMOND,IN,47374,Wayne,(765) 983-3060,5,Non-profit,01/01/2003
15T058,MEMORIAL REGIONAL REHAB CENTER,615 N MICHIGAN ST,-,SOUTH BEND,IN,46601,St. Joseph,(574) 647-3083,5,Non-profit,01/01/1984
15T059,RIVERVIEW HOSPITAL,395 WESTFIELD ROAD,-,NOBLESVILLE,IN,46060,Hamilton,(502) 596-6346,5,Government,01/01/1994
15T061,DAVIESS COMMUNITY HOSPITAL,1314 E WALNUT ST,-,WASHINGTON,IN,47501,Daviess,(812) 254-2760,5,Government,01/01/2011
15T088,BENNETT REHABILITATION CENTER,2015 JACKSON STREET,-,ANDERSON,IN,46016,Madison,(765) 608-2661,5,Non-profit,06/01/1989
15T089,IU HEALTH BALL MEMORIAL HOSP,2401 UNIVERSITY AVE,CARDINAL HEALTH SYSTEM,MUNCIE,IN,47303,Delaware,(765) 747-4228,5,Non-profit,07/01/1986
15T090,FRANCISCAN HEALTH DYER/HAMMOND,5454 HOHMAN AVE,-,HAMMOND,IN,46320,Lake,(219) 932-2300,5,Non-profit,01/01/2002
15T100,ST. VINCENT EVANSVILLE,3700 WASHINGTON AVENUE,-,EVANSVILLE,IN,47750,Vanderburgh,(812) 485-5614,5,Non-profit,07/01/1999
15T109,FRANCISCAN HEALTH LAFAYETTE IRF,1701 S CREASY LANE,-,LAFAYETTE,IN,47905,Tippecanoe,(765) 446-4829,5,Non-profit,01/01/1995
15T126,FRANCISCAN ST. ANTHONY HEALTH CROWN POINT,12750 SAINT FRANCIS DRIVE,1201 S. MAIN STREET,CROWN POINT,IN,46307,Lake,(219) 738-2100,5,Non-profit,01/01/2023
15T162,FRANCISCAN HEALTH INDIANAPOLIS,8111 S EMERSON AVE,-,INDIANAPOLIS,IN,46237,Marion,(317) 528-6038,5,Non-profit,01/01/2012
163025,"MERCY REHABILITATION HOSPITAL, LLC",1401 CAMPUS DRIVE,-,CLIVE,IA,50325,Dallas,(515) 381-6519,7,Non-profit,07/24/2018
163026,EASTERN IOWA REHABILITATION HOSPITAL LLC,2801 HEARTLAND DRIVE,-,CORALVILLE,IA,52241,Johnson,(319) 645-4001,7,For profit,06/22/2020
163027,IOWA HEALTH NETWORK REHABILITATION HOSPITAL,2450 CORAL COURT,-,CORALVILLE,IA,52241,Johnson,(319) 645-3300,7,For profit,07/02/2020
16T030,MARY GREELEY MEDICAL CENTER,1111 DUFF AVENUE,-,AMES,IA,50010,Story,(515) 450-4999,7,Government,12/12/2001
16T033,GENESIS MEDICAL CENTER,1227 E. RUSHOLME ST,-,DAVENPORT,IA,52803,Scott,(563) 343-1267,7,Non-profit,07/01/1997
16T045,ST. LUKES HOSPITAL,1026 A AVENUE NE,-,CEDAR RAPIDS,IA,52402,Linn,(319) 369-8096,7,Non-profit,09/01/1985
16T064,MERCYONE NORTH IOWA MEDICAL CENTER,1000 4TH ST SW,-,MASON CITY,IA,50401,Cerro Gordo,(641) 428-6182,7,Non-profit,07/01/2002
16T067,MERCYONE WATERLOO INPATIENT PHYSICAL REHABILITATIO,3421 WEST NINTH STREET,-,WATERLOO,IA,50702,Black Hawk,(319) 272-7929,7,Non-profit,07/01/1984
16T069,MERCYONE DUBUQUE MEDICAL CENTER,250 MERCY DRIVE,-,DUBUQUE,IA,52001,Dubuque,(563) 589-8488,7,Non-profit,07/10/2000
16T079,MERCY MEDICAL CENTER - CEDAR RAPIDS,701 TENTH STREET SE,-,CEDAR RAPIDS,IA,52403,Linn,(319) 398-6712,7,Non-profit,07/01/2008
16T082,YOUNKER REHABILITATION,1200 PLEASANT ST,-,DES MOINES,IA,50309,Polk,(515) 868-7665,7,Non-profit,01/01/2006
16T089,OTTUMWA REGIONAL HEALTH CENTER,1001 PENNSYLVANIA AVENUE,-,OTTUMWA,IA,52501,Wapello,(502) 596-6346,7,For profit,04/01/2006
16T117,UNITYPOINT FINLEY HOSPITAL,350 N GRANDVIEW AVE,-,DUBUQUE,IA,52001,Dubuque,(563) 589-2642,7,Non-profit,01/01/2005
16T146,ST. LUKES REGIONAL MEDICAL CENTER,801 5TH STREET,-,SIOUX CITY,IA,51101,Woodbury,(712) 279-2114,7,Non-profit,01/01/2005
173025,"KANSAS REHABILITATION HOSPITAL, A JOINT VENTURE OF",1504 SW 8TH AVENUE,-,TOPEKA,KS,66606,Shawnee,(785) 235-6600,7,For profit,11/28/1988
173026,MIDAMERICA REHABILITATION HOSPITAL,5701 W 110TH STREET,-,OVERLAND PARK,KS,66211,Johnson,(913) 491-2400,7,For profit,06/06/1989
173028,"ASCENSION VIA CHRISTI REHABILITATION HOSPITAL, INC",1151 N ROCK ROAD,-,WICHITA,KS,67206,Sedgwick,(316) 992-7587,7,Non-profit,04/15/1992
173032,REHABILITATION HOSPITAL OF OVERLAND PARK,5100 INDIAN CREEK PARKWAY,-,OVERLAND PARK,KS,66207,Johnson,(913) 967-5223,7,For profit,03/24/2015
173033,MEADOWBROOK REHABILITATION HOSPITAL,427 WEST MAIN STREET,-,GARDNER,KS,66030,Johnson,(913) 856-8747,7,For profit,07/01/2015
173034,"JOHNSON COUNTY REHABILITATION HOSPITAL, LLC",11325 COLLEGE BOULEVARD,-,OVERLAND PARK,KS,66210,Johnson,(913) 372-7800,7,For profit,08/27/2022
173035,CLEARSKY REHABILITATION HOSPITAL OF ELWOOD ST JOS,502 ROSEPORT ROAD,-,ELWOOD,KS,66024,Doniphan,(913) 348-4453,7,For profit,01/19/2023
17R384,NEWMAN REGIONAL HEALTH,1201 W. 12TH,-,EMPORIA,KS,66801,Lyon,(620) 343-6800,7,Government,08/01/2014
17T006,MERCY HOSPITAL - PITTSBURG,1102 E. CENTENNIAL,-,PITTSBURG,KS,66762,Crawford,(502) 596-6346,7,Non-profit,10/01/2003
17T012,SALINA REGIONAL HEALTH CENTER,400 S SANTA FE,-,SALINA,KS,67402,Saline,(502) 596-6346,7,Non-profit,06/01/2004
17T013,HAYS MEDICAL CENTER,2220 CANTERBURY DRIVE,-,HAYS,KS,67601,Ellis,(785) 650-2752,7,Non-profit,07/01/2023
17T016,UKHS-ST. FRANCIS CAMPUS,1700 SW 7TH ST,-,TOPEKA,KS,66606,Shawnee,(785) 295-5454,7,Non-profit,01/01/2004
17T020,HUTCHINSON HOSPITAL CORP,1701 E. 23RD AVE.,-,HUTCHINSON,KS,67502,Reno,(502) 596-6346,7,Non-profit,07/01/1987
17T023,ST. CATHERINE HOSPITAL,401 EAST SPRUCE ST.,-,GARDEN CITY,KS,67846,Finney,(502) 596-6346,7,Non-profit,07/01/2015
17T040,KANSAS UNIVERSITY REHAB,3901 RAINBOW BOULEVARD,-,KANSAS CITY,KS,66160,Wyandotte,(913) 588-4779,7,Government,07/01/1984
17T103,NEWTON MEDICAL CENTER,600 MEDICAL CENTER DRIVE,-,NEWTON,KS,67114,Harvey,(502) 596-6346,7,Non-profit,07/01/2005
17T120,LABETTE COUNTY MEDICAL CENTER,1902 SOUTH U.S HWY 59,-,PARSONS,KS,67357,Labette,(620) 820-5146,7,Government,01/01/2018
17T123,"WESLEY MEDICAL CENTER,LLC",550 N HILLSIDE ST,-,WICHITA,KS,67214,Sedgwick,(316) 688-2000,7,For profit,10/01/2024
17T137,LAWRENCE MEMORIAL HOSPITAL,325 MAINE STREET,-,LAWRENCE,KS,66044,Douglas,(785) 505-5000,7,Government,01/15/2017
17T142,VIA CHRISTI HOSP MANHATTAN,1823 COLLEGE AVE,-,MANHATTAN,KS,66502,Riley,(502) 596-6346,7,Non-profit,04/24/2012
17T182,MENORAH MEDICAL CENTER,5721 WEST 119TH STREET,-,OVERLAND PARK,KS,66209,Johnson,(913) 498-6436,7,For profit,01/01/1997
17T185,SAINT LUKES SOUTH HOSPITAL,12300 METCALF,-,OVERLAND PARK,KS,66213,Johnson,(913) 317-7749,7,Non-profit,01/01/2007
183026,CARDINAL HILL REHABILITATION HOSPITAL,2050 VERSAILLES ROAD,-,LEXINGTON,KY,40504,Fayette,(859) 254-5701,4,Non-profit,09/01/1984
183027,ENCOMPASS HEALTH REHABILITATION HOSPITAL OF NORTHE,201 MEDICAL VILLAGE DRIVE,-,EDGEWOOD,KY,41017,Kenton,(859) 341-2044,4,For profit,09/14/1987
183028,ENCOMPASS HEALTH REHABILITATION HOSPITAL OF LAKEVI,134 HEARTLAND DRIVE,-,ELIZABETHTOWN,KY,42701,Hardin,(270) 769-3100,4,For profit,12/19/1987
183029,"SMR SOUTHERN KENTUCKY, LLC DBA SOUTHERN KENTUCKY R",1300 CAMPBELL LANE,-,BOWLING GREEN,KY,42104,Warren,(270) 782-6900,4,For profit,09/09/1992
183030,GATEWAY REHABILITATION HOSPITAL,5940 MERCHANTS STREET,-,FLORENCE,KY,41042,Boone,(859) 426-2400,4,Non-profit,01/11/2001
183032,"UOFLHEALTH,FRAZIERREHABILITATIONHOSPITAL-BROWNSBOR",5000 CHAMBERLAIN LANE,-,LOUISVILLE,KY,40241,Jefferson,(502) 861-9600,4,For profit,08/03/2023
183033,BAPTIST HEALTH REHABILITATION HOSPITAL,11800 BLUEGRASS PARKWAY,-,LOUISVILLE,KY,40299,Jefferson,(502) 579-5000,4,For profit,07/10/2024
18T009,KING'S DAUGHTER MEDICAL CENTER,KINGS DAUGHTERS MEDICAL CENTER,2201 LEXINGTON AVE,ASHLAND,KY,41101,Boyd,(606) 408-5288,4,Non-profit,12/01/2015
18T018,SCR INPATIENT REHAB UNIT,222 MEDICAL CIRCLE,-,MOREHEAD,KY,40351,Rowan,(606) 783-6650,4,Government,06/26/2000
18T027,MURRAY CALLOWAY COUNTY HOSPITAL,803 POPLAR STREET,-,MURRAY,KY,42071,Calloway,(502) 596-6346,4,Non-profit,10/01/2007
18T029,HAZARD ARH REGIONAL MEDICAL CENTER,100 MEDICAL CENTER DRIVE,-,HAZARD,KY,41701,Perry,(502) 596-6346,4,Non-profit,07/01/1999
18T038,OWENSBORO HEALTH REGIONAL HOSPITAL,REGIONAL REHAB CENTER,1201 PLEASANT VALLEY RD,OWENSBORO,KY,42303,Daviess,(270) 417-3472,4,Non-profit,11/30/1990
18T040,FRAZIER REHAB INSTITUTE,220 ABRAHAM FLEXNER WAY,-,LOUISVILLE,KY,40202,Jefferson,(502) 587-4413,4,Non-profit,09/11/2017
18T044,PIKEVILLE MEDICAL CENTER,911 BYPASS RD,-,PIKEVILLE,KY,41501,Pike,(606) 218-3500,4,Non-profit,10/01/2003
18T056,METHODIST HOSPITAL,1305 N. ELM ST,-,HENDERSON,KY,42420,Henderson,(270) 827-7488,4,Non-profit,07/01/2000
18T080,BAPTIST HEALTH - CORBIN,1 TRILLIUM WAY,-,CORBIN,KY,40701,Whitley,(606) 523-8790,4,Non-profit,09/01/1992
18T093,BAPTIST HEALTH DEACONESS MADISONVILLE,900 HOSPITAL DRIVE,900 HOSPITAL DR,MADISONVILLE,KY,42431,Hopkins,(270) 825-5540,4,Non-profit,01/01/1998
18T102,LOURDES REHABILITATION CENTER,1530 LONE OAK ROAD,-,PADUCAH,KY,42003,McCracken,(270) 444-2684,4,Non-profit,10/01/1985
18T132,LAKE CUMBERLAND REGIONAL HOSPITAL,305 LANGDON STREET,-,SOMERSET,KY,42501,Pulaski,(606) 678-3311,4,For profit,09/01/1991
193028,BATON ROUGE REHAB HOSPITAL,8595 UNITED PLAZA BLVD,-,BATON ROUGE,LA,70809,East Baton Rouge,(225) 927-0567,6,For profit,06/05/1989
193031,ENCOMPASS HEALTH REHABILITATION HOSPITAL OF ALEXAN,104 NORTH THIRD STREET,-,ALEXANDRIA,LA,71301,Rapides,(318) 449-1370,6,For profit,07/07/1992
193044,"NORTH OAKS REHABILITATION HOSPITAL, L L C",1900 S MORRISON BLVD,-,HAMMOND,LA,70403,Tangipahoa,(985) 542-7777,6,Government,08/24/1995
193050,TITAN REHABILITATION HOSPITAL OF ROSEPINE,8088 HAWKS RD,-,LEESVILLE,LA,71446,Vernon,(337) 462-8880,6,For profit,09/09/1998
193058,RIVERBEND REHABILITATION HOSPITAL,4310 SOUTH GRAND STREET,-,MONROE,LA,71202,Ouachita,(318) 556-8300,6,For profit,05/31/2000
193067,REHABILITATION HOSPITAL OF JENNINGS,"1 HOSPITAL DRIVE, SUITE 101",-,JENNINGS,LA,70546,Jefferson Davis,(337) 821-5353,6,Physician,07/02/2001
193069,STERLINGTON REHABILITATION HOSPITAL,"323 WEST WALNUT AVENUE, 1ST FLOOR","P O BOX 627, STERLINGTON, LA 71280",BASTROP,LA,71220,MOREHOUSE,(318) 281-4531,6,For profit,11/15/2001
193070,ACCORD REHABILITATION HOSPITAL,"59355 RIVER WEST DRIVE, SUITE 100","728 NORTH BLVD BATON ROUGE, LA 70802",PLAQUEMINE,LA,70764,IBERVILLE,(225) 687-8100,6,Non-profit,12/20/2001
193074,UNITED MEDICAL HEALTHWEST-NEW ORLEANS,"3201 WALL BLVD, STE B",-,GRETNA,LA,70056,JEFFERSON,(504) 433-5551,6,For profit,11/30/2001
193078,SAGE REHABILITATION HOSPITAL,8000 SUMMA AVE,-,BATON ROUGE,LA,70809,East Baton Rouge,(225) 819-0703,6,For profit,06/04/2002
193079,OASIS POINT REHABILITATION HOSPITAL,15261 WEST CLUB DELUXE ROAD,"200 WEST UNIVERSITY AVE, HAMMOND, LA 70401",HAMMOND,LA,70403,TANGIPAHOA,(985) 340-5998,6,For profit,06/03/2002
193080,SPECIALTY REHABILITATION HOSPITAL,"1110 RINGGOLD AVENUE, SUITE B",-,COUSHATTA,LA,71019,Red River,(318) 932-1770,6,For profit,07/16/2002
193086,LEESVILLE REHABILITATION HOSPITAL,900 SOUTH SIXTH STREET,-,LEESVILLE,LA,71446,Vernon,(337) 392-8118,6,For profit,09/25/2003
193090,"THE NEUROMEDICAL CENTER REHABILITATION HOSPITAL, L",10101 PARK ROWE AVENUE,-,BATON ROUGE,LA,70810,East Baton Rouge,(225) 906-2999,6,For profit,08/08/2005
193092,BETHESDA REHABILITATION HOSPITAL,"7414 SUMRALL DRIVE, SUITE A",-,BATON ROUGE,LA,70812,East Baton Rouge,(225) 767-2034,6,For profit,12/20/2005
193093,LAFAYETTE-AMG PHYSICAL REHABILITATION HOSPITAL,"111 REPUBLIC AVE, LAFAYETTE, LA 70508.",-,LAFAYETTE,LA,70508,Lafayette,(337) 314-1111,6,For profit,02/22/2006
193096,ACADIANA REHABILITATION,314 YOUNGSVILLE HWY,-,LAFAYETTE,LA,70508,LAFAYETTE,(337) 364-6923,6,For profit,06/01/2015
193097,COVINGTON - A M G PHYSICAL REHABILITATION HOSPITAL,5025 KEYSTONE BLVDSUITE 200,-,COVINGTON,LA,70433,St. Tammany,(985) 888-0301,6,For profit,05/10/2016
193099,OCHSNER REHABILITATION HOSPITAL,"2614 JEFFERSON HWY, 4TH AND 5TH FLOORS",-,JEFFERSON,LA,70121,Jefferson,(504) 291-5100,6,For profit,06/07/2018
19T002,LAFAYETTE GENERAL ORTHOPAEDIC HOSPITAL,2810 AMBASSADOR CAFFERY PKWY.,-,LAFAYETTE,LA,70505,Lafayette,(337) 406-4162,6,Non-profit,10/01/1985
19T004,THIBODAUX REGIONAL MEDICAL CENTER,602 NORTH ACADIA ROAD,-,THIBODAUX,LA,70301,Lafourche,(985) 493-4435,6,Non-profit,10/01/1992
19T008,TERREBONNE GENERAL MEDICAL CENTER,8166 MAIN STREET,-,HOUMA,LA,70360,Terrebonne,(985) 873-4721,6,Government,04/01/1988
19T014,TECHE REGIONAL MEDICAL CENTER,1125 MARGUERITE STREET,-,MORGAN CITY,LA,70380,St. Mary,(985) 380-4397,6,Non-profit,01/01/2011
19T019,CHRISTUS ST. FRANCES CABRINI HOSPITAL,3330 MASONIC DR.,-,ALEXANDRIA,LA,71301,Rapides,(318) 561-4163,6,Non-profit,07/01/1991
19T020,LANE REHABILITATION CENTER,4601 MCHUGH ROAD,-,ZACHARY,LA,70791,East Baton Rouge,(225) 658-6800,6,Government,07/01/2000
19T025,SAVOY MEDICAL CENTER,801 POINCIANA AVE,-,MAMOU,LA,70554,Evangeline,(337) 468-0281,6,Non-profit,10/01/1993
19T027,CHRISTUS ST PATRICK HOSPITAL,524 DR. MICHAEL DEBAKEY DRIVE,-,LAKE CHARLES,LA,70601,Calcasieu,(337) 491-7595,6,Non-profit,07/01/1988
19T039,WEST JEFFERSON MEDICAL CENTER,1101 MEDICAL CENTER BOULEVARD,-,MARRERO,LA,70072,Jefferson,(502) 596-6346,6,Non-profit,01/01/1997
19T041,CHRISTUS SCHUMPERT HEALTH SYSTEM,1035 MARGARET PLACE,-,SHREVEPORT,LA,71101,Caddo,(318) 681-4434,6,Non-profit,07/01/1989
19T046,TOURO REHABILITATION CENTER,1401 FOUCHER STREET,-,NEW ORLEANS,LA,70115,Orleans,(504) 897-8055,6,Non-profit,01/01/2010
19T054,IBERIA MEDICAL CENTER,600 N LEWIS AVE,-,NEW IBERIA,LA,70563,Iberia,(870) 206-0513,6,Non-profit,10/01/2018
19T060,LAKE CHARLES MEMORIAL HOSPITAL,1701 OAK PARK BLVD.,2ND FLOOR,LAKE CHARLES,LA,70601,Calcasieu,(337) 494-3000,6,Non-profit,01/01/1987
19T064,OUR LADY OF THE LAKE REGIONAL MEDICAL CENTER,5000 HENNESSY BLVD,-,BATON ROUGE,LA,70808,East Baton Rouge,(225) 765-7841,6,Non-profit,07/01/1986
19T065,BATON ROUGE GENERAL MEDICAL CENTER,3600 FLORIDA BLVD.,-,BATON ROUGE,LA,70806,East Baton Rouge,(225) 387-7000,6,Non-profit,10/01/1992
19T086,NORTHERN LOUISIANA MEDICAL CENTER,401 EAST VAUGHN AVENUE,-,RUSTON,LA,71270,Lincoln,(318) 254-2100,6,For profit,10/01/2023
19T111,WILLIS-KNIGHTON MEDICAL CENTER,2600 GREENWOOD ROAD,-,SHREVEPORT,LA,71103,Caddo,(318) 212-4437,6,Non-profit,10/01/1991
19T125,ST. FRANCIS MEDICAL CENTER ACUTE REHAB,309 JACKSON STREET,-,MONROE,LA,71201,Ouachita,(318) 966-7150,6,Non-profit,07/01/2002
19T140,FRANKLIN MEDICAL CENTER,2106 LOOP RD.,-,WINNSBORO,LA,71295,Franklin,(318) 412-5400,6,Government,05/01/2017
19T144,MINDEN MEDICAL CENTER REHAB,1 MEDICAL CENTER,-,MINDEN,LA,71055,Webster,(318) 371-3291,6,For profit,09/01/2001
19T160,GLENWOOD REHABILITATION CENTER,503 MCMILAN ROAD,-,WEST MONROE,LA,71291,Ouachita,(318) 329-3667,6,For profit,09/01/1996
19T164,BYRD REGIONAL HOSPITAL,1020 FERTITTA BLVD,-,LEESVILLE,LA,71446,Vernon,(337) 239-9041,6,For profit,08/01/2021
19T167,MERCY REGIONAL MEDICAL CENTER,800 E MAIN ST,-,VILLE PLATTE,LA,70586,Evangeline,(337) 360-9714,6,For profit,10/01/2009
19T176,TULANE INPATIENT REHAB CENTER,1415 TULANE AVE,-,NEW ORLEANS,LA,70112,Orleans,(504) 883-6808,6,Non-profit,01/01/1997
19T190,CALDWELL MEMORIAL HOSPITAL,P.O. BOX 899,-,COLUMBIA,LA,71418,Caldwell,(318) 649-6111,6,For profit,01/01/2004
19TA04,BATON ROUGE SPECIALTY HOSPITAL,5130 MANCUSO LANE,-,BATON ROUGE,LA,70809,East Baton Rouge,(225) 490-9600,6,For profit,01/01/2025
19TA06,CORNERSTONE POST ACUTE CARE OF BOSSIER,4900 MEDICAL DRIVE,-,BOSSIER CITY,LA,71112,Bossier,(318) 747-9500,6,For profit,03/28/2025
19TA10,INTENSIVE SPECIALTY HOSPITAL,1800 IRVING PLACE,-,SHREVEPORT,LA,71101,Caddo,(318) 425-4096,6,Non-profit,08/31/2023
19TA28,RIVERBRIDGE SPECIALTY HOSPITAL,209 FRONT STREET,-,VIDALIA,LA,71373,Concordia,(318) 336-6500,6,Non-profit,01/04/2024
19TA35,LOUISIANA EXTENDED CARE HOSPITAL OF NATCHITOCHES,501 KEYSER AVE 4TH FLOOR,-,NATCHITOCHES,LA,71457,Natchitoches,(318) 354-2044,6,For profit,03/31/2022
19TA43,RIVERSIDE HOSPITAL DPU,13 HEYMAN LANE,-,ALEXANDRIA,LA,71306,Rapides,(318) 767-2900,6,For profit,07/01/2020
19TA48,P A M SPECIALTY HOSPITAL OF COVINGTON,20050 CRESTWOOD BLVD,-,COVINGTON,LA,70433,St. Tammany,(985) 875-7525,6,For profit,01/01/2021
19TA57,SAGE SPECIALTY AND REHABILITATION CENTER OF LAFAYE,"204 ENERGY PKWY., SUITE B",-,LAFAYETTE,LA,70508,Lafayette,(337) 446-4300,6,For profit,01/01/2023
203025,"NEW ENGLAND REHABILITATION HOSPITAL OF PORTLAND, A","335 BRIGHTON AVENUE, UNIT 201",-,PORTLAND,ME,04102,Cumberland,(207) 775-4000,1,For profit,12/04/1986
20T018,AROOSTOOK MEDICAL CENTER IRF,PO BOX 151,140 ACADEMY STREET,PRESQUE ISLE,ME,04769,Aroostook,(207) 768-4083,1,Non-profit,01/01/1984
20T024,CENTRAL MAINE REHABILITATION CENTER,300 MAIN STREET,-,LEWISTON,ME,04240,Androscoggin,(207) 795-2587,1,Non-profit,07/01/1984
213028,ENCOMPASS HEALTH REHAB HOSPITAL OF SALISBURY,220 TILGHMAN ROAD,-,SALISBURY,MD,21804,Wicomico,(410) 546-4600,3,For profit,04/26/1993
213029,ADVENTIST HEALTHCARE REHABILITATION AT ROCKVILLE,9909 MEDICAL CENTER DRIVE,-,ROCKVILLE,MD,20850,Montgomery,(240) 864-6005,3,Non-profit,01/12/2001
213030,REHABILITATION HOSPITAL OF BOWIE,17351 MELFORD BOULEVARD,-,BOWIE,MD,20715,Prince George's,(240) 548-1300,3,For profit,06/26/2023
223026,ENCOMPASS HEALTH REHABILITATION HOSP OF NEW ENGLAN,2 REHABILITATION WAY,-,WOBURN,MA,01801,Middlesex,(781) 935-5050,1,For profit,10/05/1983
223027,ENCOMPASS HEALTH BRAINTREE HOSPITAL OF BRAINTREE,250 POND STREET,-,BRAINTREE,MA,02184,Norfolk,(781) 848-5353,1,For profit,09/30/1985
223029,"FAIRLAWN REHAB HOSP, AN AFFILIATE OF ENCOMPASS HLT",189 MAY STREET,-,WORCESTER,MA,01602,Worcester,(508) 791-6351,1,For profit,12/16/1987
223030,ENCOMPASS HEALTH REHAB HOSPITAL OF WESTERN MASS,222 STATE STREET,-,LUDLOW,MA,01056,Hampden,(413) 589-7581,1,For profit,05/25/1990
223032,SPAULDING REHABILITATION HOSPITAL - CAPE COD,311 SERVICE ROAD,-,EAST SANDWICH,MA,02537,Barnstable,(508) 833-4262,1,Non-profit,10/18/1995
223034,SPAULDING REHABILITATION HOSPITAL,300 FIRST AVENUE,-,CHARLESTOWN,MA,02129,Suffolk,(617) 720-6400,1,Non-profit,01/01/1987
22T046,BERKSHIRE MEDICAL CENTER,THE CENTER FOR REHAB,725 NORTH ST,PITTSFIELD,MA,01201,Berkshire,(413) 447-2215,1,Non-profit,10/01/1985
22T065,NOBLE HOSPITAL,115 W SILVER ST,NOBLE HOSPITAL,WESTFIELD,MA,01086,Hampden,(502) 596-6346,1,Non-profit,10/01/1990
22T066,MERCY MEDICAL CENTER FOR REHABILITATION,271 CAREW STREET,-,SPRINGFIELD,MA,01102,Hampden,(860) 684-8152,1,Non-profit,10/01/1998
22T074,SOUTHCOAST HOSPITALS GROUP INC.,CHARLTON MEMORIAL HOSPITAL,363 HIGHLAND AVENUE,FALL RIVER,MA,02720,Plymouth,(508) 973-7554,1,Non-profit,10/01/1990
22TA00,SPAULDING HOSPITAL FOR CONTINUING MED CARE-CAMB,1575 CAMBRIDGE STREET,-,CAMBRIDGE,MA,02138,Middlesex,(617) 876-4344,1,Non-profit,11/11/2024
22TA47,WHITTIER REHABILITATION HOSPITAL - BRADFORD,145 WARD HILL AVENUE,-,BRADFORD,MA,01835,Essex,(978) 372-8000,1,For profit,10/01/2019
22TA48,WHITTIER REHABILITATION HOSPITAL,150 FLANDERS ROAD,-,WESTBOROUGH,MA,01581,Worcester,(508) 871-2063,1,For profit,10/01/2019
233026,MARY FREE BED REHABILITATION HOSPITAL,235 WEALTHY SE,-,GRAND RAPIDS,MI,49503,Kent,(616) 840-8000,5,Non-profit,05/16/1984
233027,REHABILITATION INSTITUTE OF MICHIGAN,261 MACK BLVD,-,DETROIT,MI,48201,Wayne,(313) 745-9710,5,For profit,11/01/1985
23T002,ST MARY MERCY HOSPITAL,36475 FIVE MILE ROAD,-,LIVONIA,MI,48154,Wayne,(734) 655-2815,5,Non-profit,07/01/2006
23T015,THREE RIVERS HEALTH REHAB PAVILION,701 SOUTH HEALTH PARKWAY,-,THREE RIVERS,MI,49093,St. Joseph,(269) 273-9795,5,Government,01/01/1992
23T019,ASCENSION PROVIDENCE HOSPITAL SOUTHFIELD CAMPUS,16001 W 9 MILE RD,-,SOUTHFIELD,MI,48174,Oakland,(248) 849-5802,5,Non-profit,07/01/1991
23T021,"LAKELAND HOSPITAL, ST. JOSEPH",1234 NAPIER AVENUE,-,SAINT JOSEPH,MI,49085,Berrien,(269) 983-8586,5,Non-profit,10/01/1988
23T024,DMC SINAI-GRACE HOSPITAL,6071 WEST OUTER DRIVE,-,DETROIT,MI,48235,Wayne,(313) 966-3350,5,For profit,07/01/1984
23T029,ST JOSEPH MERCY - OAKLAND,44405 WOODWARD AVE.,-,PONTIAC,MI,48341,Oakland,(248) 858-6311,5,Non-profit,07/01/1984
23T030,MID-MICHIGAN GRATIOT MEDICAL CENTER,300 WARWICK DR,-,ALMA,MI,48801,Gratiot,(502) 596-6346,5,Non-profit,07/01/1993
23T031,LAKE HURON MEDICAL CENTER,2601 ELECTRIC AVENUE,-,PORT HURON,MI,48060,St. Clair,(810) 216-1648,5,Non-profit,07/01/1990
23T036,MYMICHIGAN MEDICAL CENTER ALPENA,1501 W CHISHOLM ST,-,ALPENA,MI,49707,Alpena,(989) 356-7731,5,For profit,07/01/2005
23T038,COREWELL HEALTH GRAND RAPIDS REHABILITATION UNIT,1840 WEALTHY ST SE,-,GRAND RAPIDS,MI,49506,Kent,(616) 486-3080,5,Non-profit,07/01/2012
23T041,BAY MEDICAL CENTER FOR REHABILITATION,3190 E. MIDLAND ROAD,-,BAY CITY,MI,48706,Bay,(989) 667-6898,5,Non-profit,07/01/1989
23T047,HENRY FORD MACOMB HOSPITAL,15855 NINETEEN MILE ROAD,-,CLINTON TOWNSHIP,MI,48038,Macomb,(586) 263-2489,5,Non-profit,07/01/1990
23T054,UP HEALTH SYSTEM - MARQUETTE,850 W BARAGA AVE,-,MARQUETTE,MI,49855,Marquette,(906) 449-3800,5,Government,07/01/1984
23T066,HACKLEY HOSPITAL,1700 CLINTON STREET,-,MUSKEGON,MI,49443,Muskegon,(231) 728-4007,5,Non-profit,04/01/1988
23T070,MARY FREE BED AT COVENANT,515 MICHIGAN AVENUE,-,SAGINAW,MI,48602,Saginaw,(989) 583-2817,5,Non-profit,07/01/1991
23T077,ST MARY'S OF MICHIGAN MEDICAL CENTER,800 S WASHINGTON AVENU,-,SAGINAW,MI,48601,Saginaw,(989) 776-1677,5,Non-profit,07/01/2006
23T078,COMMUNITY REHABILITATION CENTER,400 MEDICAL PARK DRIVE,-,WATERVLIET,MI,49098,Berrien,(502) 596-6346,5,Non-profit,10/01/1992
23T093,MECOSTA COUNTY MEDICAL CENTER,605 OAK ST,-,BIG RAPIDS,MI,49307,Mecosta,(231) 592-4455,5,Non-profit,07/01/1995
23T097,MARY FREE BED AT MUNSON,1105 6TH ST.,-,TRAVERSE CITY,MI,49684,Grand Traverse,-,5,Non-profit,07/01/2004
23T105,MCLAREN NORTHERN MICHIGAN,416 CONNABLE AVE.,-,PETOSKEY,MI,49770,Emmet,(502) 596-6346,5,Non-profit,01/01/2002
23T117,BORGESS MEDICAL CENTER,1521 GULL RD,-,KALAMAZOO,MI,49048,Kalamazoo,(269) 226-6618,5,Non-profit,07/01/1993
23T130,BEAUMONT - ROYAL OAK,3601 W 13 MILE RD.,-,ROYAL OAK,MI,48073,Oakland,(248) 898-7319,5,Non-profit,01/01/1984
23T132,HURLEY MEDICAL CENTER,ONE HURLEY PLAZA,-,FLINT,MI,48503,Genesee,(810) 262-6200,5,Non-profit,07/01/1994
23T141,MCLAREN REGIONAL MEDICAL CENTER,401 SOUTH BALLENGER HIGHWAY,-,FLINT,MI,48532,Genesee,(810) 342-5201,5,Non-profit,10/01/1984
23T146,HENRY FORD WYANDOTTE HOSPITAL,2333 BIDDLE,-,WYANDOTTE,MI,48192,Wayne,(734) 246-8962,5,Non-profit,10/01/1983
23T151,BOTSFORD HOSPITAL,28050 GRAND RIVER AVE,-,FARMINGTON HILLS,MI,48336,Oakland,(248) 471-8769,5,Non-profit,01/01/1988
23T156,ST. JOSEPH MERCY HOSPITAL-ANN ARBOR,5301 EAST HURON RIVER DRIVE,-,ANN ARBOR,MI,48106,Washtenaw,(734) 712-5358,5,Non-profit,07/01/1984
23T165,ASCENSION ST JOHN HOSPITAL,22101 MOROSS,-,DETROIT,MI,48236,Wayne,(313) 343-4546,5,Non-profit,07/01/2010
23T195,ASCENSION MACOMB-OAKLAND HOSPITAL WARREN CAMPUS,11800 E. 12 MILE,-,WARREN,MI,48093,Macomb,(586) 573-5958,5,Non-profit,07/01/2004
23T197,GENESYS REGIONAL MEDICAL CTR,ONE GENESYS PARKWAY,-,GRAND BLANC,MI,48439,Genesee,(810) 606-6543,5,Non-profit,10/01/1990
23T207,MCLAREN OAKLAND/POH MEDICAL CENTER,50 N. PERRY STREET,-,PONTIAC,MI,48342,Oakland,(248) 338-5157,5,Non-profit,07/01/2000
23T227,MCLAREN MACOMB,1000 HARRINGTON ST,-,MOUNT CLEMENS,MI,48043,Macomb,(586) 493-8000,5,Non-profit,10/01/2021
23T230,MARY FREE BED AT SPARROW,1215 E. MICHIGAN AVENUE,-,LANSING,MI,48912,Ingham,(517) 364-2092,5,Non-profit,01/01/1985
23T244,GARDEN CITY HOSPITAL,6245 N INKSTER RD,-,GARDEN CITY,MI,48135,Wayne,(810) 406-7937,5,Non-profit,10/01/1988
23T254,ASCENSION CRITTENTON HOSPITAL,1101 WEST UNIVERSITY DRIVE,-,ROCHESTER,MI,48307,St. Clair,(502) 596-6346,5,Non-profit,01/01/1995
23T259,CHELSEA COMMUNITY HOSPITAL,775 S MAIN,-,CHELSEA,MI,48118,Washtenaw,(734) 593-5309,5,Non-profit,01/01/2008
23T269,BEAUMONT HEALTH SYSTEMS,44201 DEQUINDRE RD,-,TROY,MI,48085,Oakland,(248) 964-7996,5,Non-profit,01/01/2013
23T270,BEAUMONT TAYLOR,10000 TELEGRAPH RD,-,TAYLOR,MI,48180,Wayne,(313) 295-5197,5,Non-profit,07/01/1988
23T275,HEALTHSOURCE SAGINAW,3340 HOSPITAL RD,-,SAGINAW,MI,48603,Saginaw,(989) 790-7812,5,Non-profit,01/01/1984
24T001,NORTH MEMORIAL MEDICAL CENTER,3300 OAKDALE AVENUE NORTH,3300 OAKDALE AVE N,ROBBINSDALE,MN,55422,Hennepin,(763) 584-3445,5,Non-profit,01/01/1984
24T004,MILAND E KNAPP REHAB CENTER,701 PARK AVE,-,MINNEAPOLIS,MN,55415,Hennepin,(612) 873-8544,5,Government,09/11/1996
24T010,ST MARYS HOSPITAL,1216 2 ST. SW,200 FIRST STREET SW,ROCHESTER,MN,55902,Olmsted,(507) 538-4168,5,Non-profit,07/01/1984
24T019,SMDC MEDICAL CENTER DBA ESSENTIA HEALTH-DULUTH,502 EAST SECOND STREET,-,DULUTH,MN,55805,St. Louis,(218) 786-5980,5,Non-profit,01/01/1984
24T036,ST CLOUD HOSPITAL INPATIENT REHABILITATION UNIT,1406 6TH AVENUE NORTH,-,ST. CLOUD,MN,56303,Stearns,(320) 251-2700,5,Non-profit,07/01/1984
24T038,UNITED HOSPITAL,333 SMITH AVE N MR660104,-,ST PAUL,MN,55102,Ramsey,(612) 863-0881,5,Non-profit,01/01/1984
24T047,ST LUKES HOSPITAL,915 EAST FIRST ST,-,DULUTH,MN,55805,St. Louis,(218) 249-5410,5,Non-profit,12/30/1999
24T057,ABBOTT NORTHWESTERN HOSPITAL,800 E 28TH ST,-,MINNEAPOLIS,MN,55407,Hennepin,(612) 863-0881,5,Non-profit,01/01/1984
24T064,GRAND ITASCA CLINIC HOSPITAL,1601 GOLF COURSE RD,-,GRAND RAPIDS,MN,55744,Itasca,(218) 999-1573,5,Non-profit,07/01/2004
24T080,FAIRVIEW HEALTH SERVICES,2450 RIVERSIDE AVENUE,-,MINNEAPOLIS,MN,55454,Hennepin,(612) 273-9199,5,Non-profit,01/01/1985
24T106,REGIONS HOSPITAL REHAB INSTITUTE,640 JACKSON ST.,MAILSTOP 11102D,ST PAUL,MN,55101,Ramsey,(651) 254-2060,5,Non-profit,01/01/1984
253027,"ENCOMPASS HEALTH REHABILITATION HOSPITAL, PARTNER","4500 13TH STREET, SUITE 900",-,GULFPORT,MS,39501,Harrison,(228) 822-6965,4,Non-profit,05/01/2017
253028,BAPTIST MEMORIAL REHABILITATION HOSPITAL-MADISON,1520 HIGHLAND COLONY PARKWAY,-,MADISON,MS,39110,Madison,(769) 289-7600,4,For profit,11/05/2025
25T004,NORTH MISSISSIPPI MEDICAL CENTER,830 S GLOSTER STREET,-,TUPELO,MS,38801,Lee,(662) 377-3780,4,Non-profit,10/01/1988
25T034,BAPTIST MEMORIAL HOSPITAL NORTH MISSISSIPPI,1100 BELK BLVD.,-,OXFORD,MS,38655,Lafayette,(662) 636-4152,4,Non-profit,10/01/2003
25T040,SINGING RIVER HOSPITAL,2809 DENNY AVENE,-,PASCAGOULA,MS,39581,Jackson,(502) 596-6346,4,Government,10/01/2004
25T078,FORREST GENERAL HOSPITAL,PO BOX 16389,-,HATTIESBURG,MS,39404,Forrest,(601) 288-3862,4,Government,10/01/1988
25T081,ANDERSON MEDICAL CENTER,1102 CONSTITUTION AVE,RILEY HOSPITAL,MERIDIAN,MS,39301,Lauderdale,(502) 596-6346,4,For profit,01/01/2000
25T082,DELTA REGIONAL MEDICAL CENTER,1400 E UNION STREET,-,GREENVILLE,MS,38701,Washington,(502) 596-6346,4,Government,10/01/1984
25T084,MERIT HEALTH NATCHEZ,54 SEARGENT PRENTISS DRIVE,-,NATCHEZ,MS,39120,Adams,(601) 443-2570,4,For profit,10/01/2001
25T141,BAPTIST HOSPITAL DESOTO,7601 SOUTHCREST PARKWAY,-,SOUTHAVEN,MS,38671,DeSoto,(662) 772-2150,4,For profit,01/01/1994
25T152,MISSISSIPPI METHODIST REHABILITATION CENTER,1350 EAST WOODROW WILSON,-,JACKSON,MS,39216,Hinds,(601) 364-3365,4,Non-profit,07/01/2002
263027,RUSK REHABILITATION CTR,315 BUSINESS LOOP 70 W,-,COLUMBIA,MO,65203,Boone,(573) 817-2703,7,For profit,05/19/1997
263028,"THE REHABILITATION INSTITUTE OF ST. LOUIS, AN AFFI",4455 DUNCAN AVE,-,SAINT LOUIS,MO,63110,St. Louis City,(314) 658-3800,7,For profit,04/02/2001
263029,MERCY REHABILITATION HOSPITAL ST LOUIS,14561 NORTH OUTER FORTY,-,CHESTERFIELD,MO,63017,St. Louis,(314) 889-2704,7,For profit,08/09/2007
263030,ST LUKE'S REHABILITATION HOSPITAL,14709 OLIVE BOULEVARD,-,CHESTERFIELD,MO,63017,St. Louis,(314) 317-5700,7,For profit,11/25/2008
263031,SSM HEALTH REHABILITATION HOSPITAL,1027 BELLEVUE AVENUE,-,RICHMOND HEIGHTS,MO,63117,St. Louis,(314) 768-5202,7,For profit,12/08/2009
263032,MERCY REHABILITATION HOSPITAL SPRINGFIELD,5904 S SOUTHWOOD RD,-,SPRINGFIELD,MO,65804,Greene,(417) 820-2973,7,For profit,05/21/2014
263034,MERCY REHABILITATION HOSPITAL SOUTH,10114 KENNERLY ROAD,-,SAINT LOUIS,MO,63128,St. Louis,(314) 948-2000,7,For profit,12/22/2022
263035,COXHEALTH REHABILITATION HOSPITAL,1660 WEST GARTON ROAD,-,OZARK,MO,65721,Christian,(417) 551-9670,7,For profit,03/05/2026
26T006,HEARTLAND REGIONAL MEDICAL CENTER,5325 FARAON,-,ST. JOSEPH,MO,64506,Buchanan,(816) 271-6000,7,Non-profit,07/01/2023
26T017,PHELPS COUNTY REGIONAL MED CENTER,1000 WEST TENTH ST,-,ROLLA,MO,65401,Phelps,(502) 596-6346,7,Government,01/01/2000
26T023,MERCY HOSPITAL JEFFERSON,HWY 61 SOUTH,PO BOX 350,CRYSTAL CITY,MO,63019,Jefferson,(636) 933-1000,7,Non-profit,10/01/2007
26T025,HANNIBAL REGIONAL HEALTHCARE SYSTEM,6000 HOSPITAL DRIVE,-,HANNIBAL,MO,63401,Marion,(502) 596-6346,7,Non-profit,10/01/2015
26T027,RESEARCH MEDICAL CENTER,2316 E MEYER BOULEVARD,2N REHABILITATION UNIT,KANSAS CITY,MO,64132,Jackson,(816) 276-4664,7,For profit,01/01/1984
26T057,CAMERON REGIONAL MEDICAL CTR,1600 E EVERGREEN,-,CAMERON,MO,64429,Clinton,(816) 649-3336,7,Non-profit,10/01/2002
26T062,ST LUKES NORTHLAND HOSPITAL,601 SOUTH 169 HIGHWAY,-,SMITHVILLE,MO,64089,Clay,(816) 532-7360,7,Non-profit,01/01/2003
26T068,BOONE HOSPITAL CENTER,1600 E. BROADWAY,-,COLUMBIA,MO,65201,Boone,(573) 815-7050,7,Non-profit,01/13/2003
26T085,SAINT JOSEPH MEDICAL CENTER,1000 CARONDELET DRIVE,-,KANSAS CITY,MO,64114,Jackson,(816) 943-2693,7,For profit,07/01/1987
26T095,CENTERPOINT MEDICAL CENTER,1960 E 39TH ST S,-,INDEPENDENCE,MO,64057,Jackson,(816) 698-7470,7,For profit,04/01/2018
26T096,NORTH KANSAS CITY HOSPITAL,2800 CLAY EDWARDS DRIVE,-,NORTH KANSAS CITY,MO,64116,Clay,(502) 596-6346,7,Government,07/01/2006
26T110,SOUTHEAST HOSPITAL,1701 LACEY STREET,-,CAPE GIRARDEAU,MO,63701,Cape Girardeau,(573) 331-6575,7,Non-profit,10/01/2001
26T113,MISSOURI DELTA MEDICAL CENTER,1008 N. MAIN ST.,-,SIKESTON,MO,63801,Scott,(573) 472-7224,7,Non-profit,10/01/2003
26T119,POPLAR BLUFF REGIONAL MED CTR,3100 OAK GROVE ROAD,-,POPLAR BLUFF,MO,63901,Butler,(573) 778-5163,7,For profit,01/01/1993
26T137,FREEMAN HEALTH SYSTEMS,1102 W 32ND ST,-,JOPLIN,MO,64804,Jasper,(417) 347-4525,7,Non-profit,04/01/1996
26T141,CAPITAL REGION MEDICAL CENTER - REHABILITATION,1125 MADISON STREET,-,JEFFERSON CITY,MO,65101,Boone,(573) 632-5000,7,Government,07/01/1998
26T180,CHRISTIAN HOSPITAL/BJC HEALTHCARE,11133 DUNN ROAD,-,ST LOUIS,MO,63136,St. Louis,(314) 653-5307,7,Non-profit,01/01/2003
26T183,ST FRANCIS HEALTHCARE SYSTEM,211 SAINT FRANCIS DR,-,CAPE GIRARDEAU,MO,63703,Cooper,(573) 331-5368,7,Non-profit,04/01/2004
26T193,ST MARYS MEDICAL CENTER,201 NW R.D. MIZE,-,BLUE SPRINGS,MO,64014,Jackson,(816) 655-5628,7,For profit,07/01/2000
26TA16,"LANDMARK HOSPITAL OF JOPLIN, LLC",2040 W 32ND STREET,-,JOPLIN,MO,64804,Jasper,(417) 220-4364,7,For profit,03/01/2024
273025,REHABILITATION HOSPITAL OF MONTANA,3572 HESPER ROAD,-,BILLINGS,MT,59102,Yellowstone,(406) 413-6200,8,For profit,09/11/2019
27T012,BENEFIS HEALTH SYSTEM,500 15TH AVE SO.,-,GREAT FALLS,MT,59405,Cascade,(406) 455-5000,8,Non-profit,01/01/1997
27T023,RIM AT COMMUNITY MEDICAL CENTER,2827 FORT MISSOULA ROAD,-,MISSOULA,MT,59804,Missoula,(406) 327-4321,8,Non-profit,02/01/2003
27TA01,ADVANCED CARE HOSPITAL OF MONTANA,3528 GABEL RD,-,BILLINGS,MT,59102,Yellowstone,(406) 373-8000,8,For profit,12/14/2025
283025,MADONNA REHABILITATION HOSPITAL LINCOLN,5401 SOUTH ST,-,LINCOLN,NE,68506,Lancaster,(402) 413-3000,7,Non-profit,07/01/1994
28T003,BRYAN MEDICAL CENTER,2300 SOUTH 16TH STREET,-,LINCOLN,NE,68502,Lancaster,(402) 481-9399,7,Non-profit,06/01/2003
28T009,CHI HEALTH GOOD SAMARITAN,10 E 31ST STREET,-,KEARNEY,NE,68848,Buffalo,(308) 865-7189,7,Non-profit,07/01/2019
28T023,CHI HEALTH ST FRANCIS,2620 WEST FAIDLEY AVE.,-,GRAND ISLAND,NE,68803,Hall,(308) 398-5302,7,Non-profit,07/01/2008
28T040,METHODIST REHABILITATION HOSPITAL,8303 DODGE STREET,-,OMAHA,NE,68114,Douglas,(402) 354-4408,7,Non-profit,01/01/1991
28T061,THE ACUTE REHAB UNIT AT REGIONAL WEST MEDICAL CENT,4021 AVENUE B,-,SCOTTSBLUFF,NE,69361,Scotts Bluff,(308) 630-1070,7,Non-profit,01/01/2002
28T081,IMMANUEL REHABILITATION INSTITUTE,6901 NORTH 72ND,-,OMAHA,NE,68122,Douglas,(402) 572-3989,7,Non-profit,10/01/1987
28T125,FAITH REGIONAL HEALTH SERVICES,2700 W NORFOLK AVENUE,-,NORFOLK,NE,68701,Madison,(402) 644-7184,7,Non-profit,01/01/2005
28TA03,MADONNA REHABILITATION SPECIALTY HOSPITAL OMAHA,17500 BURKE STREET,-,OMAHA,NE,68118,Douglas,(402) 401-3000,7,Non-profit,07/01/2021
293026,ENCOMPASS HEALTH REHABILITATION HOSPITAL OF LV,1250 S VALLEY VIEW BLVD,-,LAS VEGAS,NV,89102,Clark,(702) 877-8898,9,For profit,02/04/1993
293032,ENCOMPASS HEALTH REHABILITATION HOSPITAL OF HENDER,10301 JEFFREYS ST,-,HENDERSON,NV,89052,Clark,(702) 939-9400,9,For profit,02/05/2002
293033,ENCOMPASS HEALTH REHAB HOSPITAL OF DESERT CANYON,9175 WEST OQUENDO ROAD,-,LAS VEGAS,NV,89148,Clark,(702) 252-7342,9,For profit,06/14/2007
293034,PAM REHABILITATION HOSPITAL OF CENTENNIAL HILLS,6166 N DURANGO DRIVE,-,LAS VEGAS,NV,89149,Clark,(725) 223-4100,9,For profit,01/09/2018
293035,DIGNITY HEALTH REHABILITATION HOSPITAL,2930 SIENA HEIGHTS DRIVE,-,HENDERSON,NV,89052,Clark,(725) 726-2000,9,For profit,07/03/2019
29T003,SUNRISE HOSPITAL MEDICAL CENTER,3186 S. MARYLAND PKWY.,W300,LAS VEGAS,NV,89109,Clark,(702) 731-8310,9,For profit,09/01/1997
29T007,RANCHO REHABILITATION,4333 NORTH RANCHO DR.,-,LAS VEGAS,NV,89130,Clark,(702) 656-0467,9,Non-profit,12/31/1995
29T032,NORTHERN NEVADA MEDICAL CENTER,2375 E. PRATER WAY,-,SPARKS,NV,89434,Washoe,(775) 356-4588,9,Non-profit,01/01/2012
29T039,MOUNTAINVIEW HOSPITAL,3100 N TENAYA WAY,-,LAS VEGAS,NV,89128,Clark,(702) 562-5560,9,For profit,01/01/2012
29T046,SPRING VALLEY MEDICAL CENTER,5400 S. RAINBOW BLVD.,-,LAS VEGAS,NV,89118,Clark,(702) 853-3422,9,For profit,09/14/2021
29T049,RENOWN REHABILITATION HOSPITAL,1495 MILL STREET,-,RENO,NV,89502,Carson City,(775) 982-3501,9,Non-profit,02/01/2004
29TA02,KINDRED HOSPITAL LAS VEGAS- FLAMINGO CAMPUS,2250 E FLAMINGO RD,-,LAS VEGAS,NV,89119,Clark,(702) 784-4300,9,For profit,09/01/2023
303026,NORTHEAST REHABILITATION HOSPITAL,70 BUTLER STREET,-,SALEM,NH,03079,Rockingham,(603) 893-2900,1,For profit,12/13/1984
303027,ENCOMPASS HEALTH REHABILITATION HOSPITAL OF CONCOR,254 PLEASANT STREET,-,CONCORD,NH,03301,Merrimack,(603) 226-9800,1,For profit,10/29/1992
30T011,ST JOSEPH HOSPITAL IR CENTER,172 KINSLEY ST,-,NASHUA,NH,03060,Hillsborough,(603) 882-3000,1,Non-profit,01/01/1986
30T014,FRISBIE MEMORIAL HOSPITAL,11 WHITEHALL ROAD,-,ROCHESTER,NH,03867,Strafford,(603) 332-5211,1,For profit,03/01/2023
30T019,CHESHIRE MEDICAL CENTER,580 COURT ST,-,KEENE,NH,03431,Cheshire,(603) 354-5454,1,Non-profit,07/01/1987
313025,KESSLER REHAB CENTER,1199 PLEASANT VALLEY WAY,-,WEST ORANGE,NJ,07052,Essex,(973) 243-6830,2,For profit,01/01/1985
313027,LAWRENCE REHABILITATION HOSPITAL,2381 LAWRENCEVILLE ROAD,-,LAWRENCEVILLE,NJ,08648,Mercer,(609) 896-9500,2,For profit,01/01/1985
313029,ENCOMPASS HEALTH REHAB HOSPITAL OF TOMS RIVER,14 HOSPITAL DR,-,TOMS RIVER,NJ,08755,Ocean,(732) 244-3100,2,For profit,01/01/1985
313032,"KESSLER INSTITUTE FOR REHABILITATION,INC",92 BRICK ROAD,-,MARLTON,NJ,08053,Burlington,(856) 988-8778,2,For profit,06/27/1995
313035,ENCOMPASS HEALTH REHAB HOSPITAL OF TINTON FALLS,2 CENTER PLZ,-,TINTON FALLS,NJ,07724,Monmouth,(732) 460-5320,2,For profit,05/30/2002
313036,ENCOMPASS HEALTH REHAB HOSPITAL OF VINELAND,1237 W SHERMAN AVENUE,-,VINELAND,NJ,08360,Cumberland,(856) 696-7100,2,For profit,04/03/2003
313038,ATLANTIC REHABILITATION INSTITUTE,200 MADISON AVENUE,-,MADISON,NJ,07940,Morris,(973) 549-7440,2,For profit,10/05/2019
31T010,PENN MEDICINE PRINCETON MEDICAL CENTER,ONE PLAINSBORO RD.,-,PLAINSBORO,NJ,08536,Mercer,(609) 853-7922,2,Non-profit,01/01/1998
31T019,ST. JOSEPHS WAYNE HOSPITAL,224 HAMBURG TPK,-,WAYNE,NJ,07470,Passaic,(973) 754-2481,2,Non-profit,01/01/2010
31T029,LOURDES REGIONAL REHABILITATION CENTER,1600 HADDON AVENUE,-,CAMDEN,NJ,08103,Camden,(856) 757-3871,2,Government,01/01/1998
31T034,JOHNSON REHABILITATION AT RIVERVIEW MEDICAL CENTER,ONE RIVERVIEW PLAZA,-,RED BANK,NJ,07701,Monmouth,(732) 741-2700,2,Non-profit,01/01/1998
31T052,JOHNSON REHABILITATION INSTITUTE AT OMC,425 JACK MARTIN BLVD,-,BRICK,NJ,08724,Ocean,(732) 836-4500,2,Non-profit,10/13/2019
31T108,JFK JOHNSON REHAB INSTITUTE,65 JAMES STREET,-,EDISON,NJ,08820,Middlesex,(732) 321-7000,2,Non-profit,01/01/1998
323026,NEW MEXICO REHABILITATION CENTER,72 GAIL HARRIS AVENUE,-,ROSWELL,NM,88203,Chaves,(575) 347-3400,6,Government,07/01/1985
323027,ENCOMPASS HEALTH REHABILITATION HOSPITAL OF ALBUQU,7000 JEFFERSON STREET NE,-,ALBUQUERQUE,NM,87109,Bernalillo,(505) 344-9478,6,For profit,03/09/1988
323028,LOVELACE UNM REHABILITATION HOSPITAL,505 ELM STREET NE,-,ALBUQUERQUE,NM,87102,Bernalillo,(505) 727-4781,6,For profit,12/27/1988
323032,"REHABILITATION HOSPITAL OF SOUTHERN NEW MEXICO,INC",4441 E LOHMAN AVE,-,LAS CRUCES,NM,88011,Dona Ana,(575) 521-6400,6,For profit,03/25/2005
323033,CLEARSKY REHABILITATION HOSPITAL OF RIO RANCHO LLC,2401 WESTSIDE BLVD SE,-,RIO RANCHO,NM,87124,Sandoval,(505) 295-6358,6,For profit,02/10/2021
32T002,ST VINCENT HOSPITAL,455 ST MICHAELS DRIVE,-,SANTA FE,NM,87505,Santa Fe,(505) 913-5392,6,Non-profit,07/01/1991
32T005,SAN JUAN REGIONAL MEDICAL CENTER INC,801 WEST MAPLE STREET,-,FARMINGTON,NM,87401,San Juan,(505) 609-2000,6,Non-profit,07/01/2020
32T009,ST JOSEPH MEDICAL CENTER,601 DR MARTIN LUTHER KING JR AVE NE,-,ALBUQUERQUE,NM,87102,Bernalillo,(505) 224-8000,6,For profit,07/01/1984
32T063,CARLSBAD MEDICAL CENTER,2430 WEST PIERCE STREET,-,CARLSBAD,NM,88220,Eddy,(505) 887-4396,6,Non-profit,01/01/1997
32T065,LEA REGIONAL MEDICAL CENTER,5419 N LOVINGTON HWY,-,HOBBS,NM,88240,Lea,(505) 492-5474,6,Non-profit,04/01/1995
32T085,MOUNTAIN VIEW REGIONAL MEDICAL CENTER,4311 EAST LOHMAN AVENUE,-,LAS CRUCES,NM,88011,Dona Ana,(505) 556-6975,6,For profit,04/01/2005
333030,BURKE REHABILITATION HOSPITAL,785 MAMARONECK AVENUE,-,WHITE PLAINS,NY,10605,Westchester,(914) 597-2232,2,Non-profit,01/01/2016
33T005,KALEIDA HEALTH,100 HIGH ST.,-,BUFFALO,NY,14203,Erie,(716) 859-2556,2,Non-profit,01/01/1988
33T013,ALBANY MEDICAL CENTER HOSP,43 NEW SCOTLAND AVENUE,-,ALBANY,NY,12208,Albany,(518) 262-2409,2,Non-profit,01/01/1986
33T014,JAMAICA HOSPITAL MEDICAL CENTER,89TH AVE AND VAN WYCK,-,JAMAICA,NY,11418,Queens,(718) 206-6000,2,Non-profit,01/02/2019
33T024,MT SINAI MEDICAL CENTER,ONE GUSTAVE L LEVY PLACE,-,NEW YORK,NY,10029,New York,(212) 659-9373,2,Non-profit,01/01/1987
33T027,NASSAU UNIVERSITY MEDICAL CENTER,2201 HEMPSTEAD TURNPIKE,-,EAST MEADOW,NY,11554,Nassau,(516) 572-6713,2,Government,01/01/1985
33T044,FAXTON-ST. LUKES HEALTHCARE,1650 CHAMPLIN AVENUE,-,UTICA,NY,13502,Oneida,(315) 624-8759,2,Non-profit,01/01/2002
33T046,MT. SINAI - ST. LUKES HOSPITAL CENTER,1111 AMSTERDAM AVE- STY6 REHAB,-,NEW YORK,NY,10025,New York,(212) 523-3299,2,Non-profit,01/01/1987
33T047,ST. MARY'S HOSPITAL AT AMSTERDAM,427 GUY PARK AVENUE,-,AMSTERDAM,NY,12010,Montgomery,(518) 842-1900,2,Non-profit,07/01/2009
33T049,THE PAUL ROSENTHAL REHABILITATION CENTER AT NDH,6511 SPRINGBROOK AVENUE,PO BOX 5002,RHINEBECK,NY,12572,Dutchess,(845) 871-4313,2,Non-profit,01/01/1998
33T056,THE BROOKLYN HOSPITAL CENTER,121 DEKALB AVE,-,BROOKLYN,NY,11201,Kings,(718) 250-6589,2,Non-profit,01/01/2000
33T058,GENEVA GENERAL HOSPITAL,196 NORTH STREET,-,GENEVA,NY,14456,Ontario,(315) 787-5495,2,Non-profit,01/01/1998
33T059,MONTEFIORE MEDICAL CENTER,600 E 233 STREET,-,BRONX,NY,10466,Bronx,(718) 920-9593,2,Non-profit,01/01/1986
33T090,ARNOT OGDEN MEDICAL CENTER,555 SAINT JOSEPHS BLVD,-,ELMIRA,NY,14901,Chemung,(607) 733-6541,2,Non-profit,03/01/2019
33T101,NYP - WEILL CORNELL MEDICAL CENTER,525 E. 68TH STREET,BOX 142,NEW YORK,NY,10065,New York,(212) 746-1630,2,Non-profit,01/01/1985
33T102,KENMORE MERCY HOSPITAL,2950 ELMWOOD AVE,-,KENMORE,NY,14217,Erie,(716) 510-9029,2,Non-profit,01/01/1994
33T126,ORANGE REGIONAL MEDICAL CENTER,707 E MAIN ST,-,MIDDLETOWN,NY,10940,Orange,(845) 333-4260,2,Non-profit,01/01/1992
33T127,JACOBI MEDICAL CENTER,1400 PELHAM PARKWAY S,-,BRONX,NY,10461,Bronx,(718) 918-5545,2,Government,01/01/1985
33T128,ELMHURST HOSPITAL CENTER,79-01 BROADWAY,-,ELMHURST,NY,11373,Queens,(718) 334-2611,2,Government,01/01/1985
33T157,SAMARITAN MEDICAL CENTER,830 WASHINGTON ST.,-,WATERTOWN,NY,13601,Jefferson,(315) 786-4954,2,Non-profit,01/01/1999
33T160,STATEN ISLAND UNIVERSITY HOSP,475 SEAVIEW AVENUE,-,STATEN ISLAND,NY,10305,Richmond,(718) 226-8027,2,Non-profit,01/08/2018
33T181,GLEN COVE HOSPITAL,101 ST. ANDREWS LANE,-,GLEN COVE,NY,11542,Nassau,(516) 458-9330,2,Non-profit,01/01/2014
33T199,METROPOLITAN HOSPITAL CENTER,1901 FIRST AVENUE,REHABILITATION MEDICINE-RM 327,NYC,NY,10029,New York,(212) 423-7723,2,Government,01/01/1985
33T202,KINGS COUNTY HOSPITAL CENTER,451 CLARKSON AVENUE C-1117B,-,BROOKLYN,NY,11203,Kings,(718) 245-7313,2,Government,07/01/2002
33T204,BELLEVUE HOSPITAL CENTER,462 1ST AVENUE,-,NEW YORK,NY,10016,New York,(212) 562-4259,2,Government,01/01/1985
33T214,RUSK REHABILITATION,240 E. 38TH STREET,15TH FLOOR - ADMINISTRATION,NEW YORK,NY,10016,New York,(212) 263-2572,2,Non-profit,01/01/1999
33T219,ERIE COUNTY MEDICAL CENTER,462 GRIDER ST,-,BUFFALO,NY,14215,Erie,(716) 898-6167,2,Non-profit,01/01/1986
33T226,UNITY HOSPITAL,1555 LONG POND RD,-,ROCHESTER,NY,14626,Monroe,(585) 368-3002,2,Non-profit,01/01/1997
33T233,BROOKDALE HOSPITAL MEDICAL CENTER,1 BROOKDALE PLAZA,-,BROOKLYN,NY,11212,Kings,(718) 240-5966,2,Non-profit,01/01/2021
33T234,WESTCHESTER MEDICAL CENTER,GRASSLANDS ROAD,-,VALHALLA,NY,10595,Westchester,(914) 493-5495,2,Non-profit,01/01/1997
33T239,UPMC CHAUTAUQUA,207 FOOTE AVE,PO BOX 840,JAMESTOWN,NY,14701,Chautauqua,(412) 443-4180,2,Non-profit,01/01/1990
33T241,UPSTATE MEDICAL UNIVERSITY,750 E ADAMS ST.,-,SYRACUSE,NY,13210,Onondaga,(315) 466-3426,2,Government,01/01/1986
33T246,ST CHARLES HOSPITAL,200 BELLE TERRE ROAD,-,PORT JEFFERSON,NY,11777,Suffolk,(631) 474-6826,2,Non-profit,01/01/1985
33T259,MERCY MEDICAL CENTER,1000 N.VILLAGE AVE.,-,ROCKVILLE CENTRE,NY,11570,Nassau,(516) 705-2216,2,Non-profit,01/01/1995
33T261,PHELPS MEMORIAL HOSPITAL,701 NORTH BROADWAY,-,SLEEPY HOLLOW,NY,10591,Westchester,(914) 366-3708,2,Non-profit,01/01/1986
33T279,BUFFALO MERCY REHABILITATION UNIT,565 ABBOTT ROAD,-,BUFFALO,NY,14220,Erie,(716) 510-9029,2,Non-profit,01/01/1986
33T285,UNIV OF ROCHESTER MEDICAL CTR,601 ELMWOOD AVE,BOX 664,ROCHESTER,NY,14642,Monroe,(585) 276-3015,2,Non-profit,01/01/1985
33T307,CAYUGA MEDICAL CTR @ ITHACA,101 DATES DRIVE,-,ITHACA,NY,14850,Tompkins,(607) 274-4555,2,Non-profit,01/01/1997
33T350,SUNY DOWNSTATE MEDICAL CENTER,450 CLARKSON AVEUE,-,BROOKLYN,NY,11203,Kings,(718) 270-8325,2,Government,01/01/1986
33T394,UHS HOSPITALS,10-42 MITCHELL AVE,-,BINGHAMTON,NY,13903,Broome,(607) 762-2162,2,Non-profit,01/01/1985
33T405,HELEN HAYES HOSPITAL,51-55 N. ROUTE 9W,-,WEST HAVERSTRAW,NY,10993,Rockland,(845) 786-4000,2,Government,03/18/2005
33T406,SUNNYVIEW HOSPITAL AND REHABILITATION,1270 BELMONT AVE.,-,SCHENECTADY,NY,12308,Schenectady,(518) 382-4500,2,Non-profit,01/01/2005
343025,CAREPARTNERS REHABILITATION HOSPITAL,68 SWEETEN CREEK RD,-,ASHEVILLE,NC,28813,Buncombe,(828) 274-2400,4,Non-profit,10/01/1986
343026,CAROLINAS REHABILITATION,1100 BLYTHE BOULEVARD,-,CHARLOTTE,NC,28203,Mecklenburg,(704) 355-4370,4,Government,01/01/1996
343027,NOVANT HEALTH REHABILITATION HOSPITAL,2475 HILLCREST CENTER CIRCLE,-,WINSTON-SALEM,NC,27103,Forsyth,(336) 754-3500,4,For profit,10/31/2018
343028,PEAK REHABILITATION HOSPITAL,1401 ZENO ROAD,-,APEX,NC,27502,Wake,(615) 850-8633,4,For profit,03/27/2025
34T004,HIGH POINT REGIONAL HOSPITAL,601 N ELM ST,-,HIGH POINT,NC,27262,Guilford,(336) 878-6442,4,Non-profit,07/01/2021
34T008,CENTER FOR INPATIENT REHAB,500 LAUCHWOOD DR,-,LAURINBURG,NC,28352,Scotland,(910) 291-7327,4,Non-profit,10/01/2015
34T014,WHITAKER REHABILITATION CENTER,3333 SILAS CREEK PARKWAY,-,WINSTON SALEM,NC,27103,Forsyth,(336) 718-1629,4,Non-profit,01/01/2016
34T015,ROWAN REGIONAL MEDICAL CENTER,612 MOCKSVILLE AVENUE,-,SALISBURY,NC,28114,Rowan,(704) 210-5308,4,Non-profit,10/01/2020
34T027,LENOIR MEMORIAL HOSPITAL REHAB UNIT,100 AIRPORT RD,-,KINSTON,NC,28501,Lenoir,(252) 522-7772,4,Non-profit,07/01/2020
34T028,CAPE FEAR VALLEY REHABILITATION CENTER,1638 OWEN DRIVE,-,FAYETTEVILLE,NC,28302,Cumberland,(910) 615-6843,4,Non-profit,10/01/2020
34T040,PITT COUNTY MEMORIAL HOSPITAL,PO BOX 8447,-,GREENVILLE,NC,27835,Pitt,(252) 847-0873,4,Non-profit,10/01/2019
34T047,NORTH CAROLINA BAPTIST HOSPITALS,MEDICAL CENTER BLVD,-,WINSTON SALEM,NC,27157,Forsyth,(336) 713-8328,4,Non-profit,07/01/2021
34T053,NOVANT HEALTH PRESBYTERIAN MEDICAL CENTER,200 HAWTHORNE LANE BOX 33549,-,CHARLOTTE,NC,28233,Mecklenburg,(704) 384-4000,4,Non-profit,01/01/2023
34T061,UNC HOSPITALS INPATIENT REHAB,101 MANNING DR,-,CHAPEL HILL,NC,27514,Orange,(919) 984-5306,4,Government,07/01/2015
34T069,WAKEMED REHAB,3000 NEW BERN AVE.,-,RALEIGH,NC,27610,Wake,(919) 350-8864,4,Non-profit,10/01/2019
34T091,MOSES H. CONE MEMORIAL HOSPITAL,1200 NORTH ELM STREET,-,GREENSBORO,NC,27401,Guilford,(336) 832-7000,4,Non-profit,10/01/2022
34T097,REGIONAL REHAB CENTER AT HUGH CHATHAM,700 JOHNSON RIDGE ROAD,-,ELKIN,NC,28621,Surry,(336) 527-7052,4,Non-profit,10/01/2009
34T098,CAROLINAS MEDICAL CENTER - PINEVILLE REHABILITATIO,10628 PARK ROAD,-,CHARLOTTE,NC,28210,Mecklenburg,(704) 355-4602,4,Government,01/01/2021
34T113,CAROLINAS MEDICAL CENTER,1000 BLYTHE BLVD,-,CHARLOTTE,NC,28203,Mecklenburg,(704) 355-4602,4,Government,01/01/2022
34T115,FIRSTHEALTH MOORE REGIONAL HOSPITAL,155 MEMORIAL DRIVE,-,PINEHURST,NC,28374,Moore,(910) 715-1000,4,Non-profit,10/01/2019
34T116,DLP FRYE REGIONAL MEDICAL CENTER,420 N CENTER ST,REHAB SERVICES,HICKORY,NC,28601,Catawba,(828) 315-3602,4,For profit,10/01/2018
34T131,CAROLINAEAST REHABILITATION HOSPITAL,2000 NEUSE BLVD.,-,NEW BERN,NC,28561,Craven,(252) 634-6001,4,Government,07/01/2022
34T132,MARIA PARHAM HEALTHCARE ASSOCIATION INC,566 RUIN CREEK RD,-,HENDERSON,NC,27536,Vance,(252) 436-1166,4,For profit,10/01/2017
34T141,NEW HANOVER REGIONAL MEDICAL CENTER REHABILITATION,2131 SOUTH 17TH STREET,-,WILMINGTON,NC,28402,New Hanover,(910) 667-5619,4,Government,10/01/2018
34T143,CATAWBA VALLEY MEDICAL CENTER,810 FAIRGROVE CHURCH RD,-,HICKORY,NC,28602,Catawba,(828) 326-3248,4,Non-profit,07/01/2021
34T147,BRYANT T. ALDRIDGE REHABILITATION CENTER,2400 MEDPARK DRIVE,-,ROCKY MOUNT,NC,27804,Nash,(252) 962-3709,4,Government,07/01/2021
34T155,DURHAM REGIONAL HOSPITAL,3643 N ROXBORO ROAD,BOX 52,DURHAM,NC,27704,Durham,(919) 470-7226,4,Government,07/01/2021
353026,PAM REHABILITATION HOSPITAL OF FARGO,4671 38TH ST S,-,FARGO,ND,58104,Cass,(701) 404-5100,8,For profit,11/22/2019
353027,ALTRU REHABILITATION HOSPITAL,4500 SOUTH WASHINGTON STREET SUITE B,-,GRAND FORKS,ND,58201,Grand Forks,(701) 732-7400,8,For profit,08/26/2022
35T006,TRINITY REHABCARE CENTER,407 3RD ST. SE,-,MINOT,ND,58701,Ward,(701) 418-8000,8,Non-profit,07/01/2018
35T011,SANFORD HEALTH SYSTEM,REHABILITATION 5C,-,FARGO,ND,58122,Cass,(701) 280-4611,8,Non-profit,07/01/2016
363033,THE REHABILITATION INSTITUTE OF OHIO,835 SOUTH MAIN STREET,-,DAYTON,OH,45402,MONTGOMERY,(937) 424-8200,5,For profit,03/24/2005
363034,ENCOMPASS HEALTH REHABILITATION HOSPITAL OF CINCIN,151 WEST GALBRAITH ROAD,-,CINCINNATI,OH,45216,Hamilton,(513) 484-6689,5,For profit,01/17/2012
363035,SUMMA REHAB HOSPITAL,29 NORTH ADAMS STREET,-,AKRON,OH,44304,Summit,(330) 572-7300,5,For profit,02/13/2012
363036,UNIVERSITY HOSPITALS REHABILITATION HOSPITAL,23333 HARVARD ROAD,-,BEACHWOOD,OH,44122,Cuyahoga,(216) 593-2200,5,For profit,04/29/2013
363037,OHIOHEALTH REHABILITATION HOSPITAL,1087 DENNISON AVENUE 4TH FLOOR,-,COLUMBUS,OH,43201,Franklin,(614) 484-9676,5,For profit,09/05/2013
363038,CLEVELAND CLINIC REHABILITATION HOSPITALS LLC,33355 HEALTH CAMPUS BLVD,-,AVON,OH,44011,Lorain,(440) 937-9099,5,For profit,01/09/2016
363039,UNIVERSITY HOSPITALS AVON REHABILITATION HOSPITAL,37900 CHESTER ROAD,-,AVON,OH,44011,Lorain,(440) 695-7100,5,For profit,03/10/2016
363040,REHABILITATION HOSPITAL OF NORTHWEST OHIO LLC,1455 WEST MEDICAL LOOP,-,TOLEDO,OH,43614,Lucas,(419) 214-6600,5,For profit,04/29/2016
363041,TRIHEALTH REHABILITATION HOSPITAL LLC,2155 DANA AVENUE,-,CINCINNATI,OH,45207,Hamilton,(513) 601-0600,5,For profit,06/07/2016
363042,"MOUNT CARMEL REHABILITATION HOSPITAL, AN AFFILIATE",597 EXECUTIVE CAMPUS DR,-,WESTERVILLE,OH,43082,Delaware,(614) 392-3400,5,Non-profit,05/09/2017
363043,ENCOMPASS HEALTH REHAB HOSPITAL OF TOLEDO,4647 MONROE STREET,-,TOLEDO,OH,43623,Lucas,(567) 290-3524,5,For profit,12/29/2020
363045,LIBERTY REHABILITATION HOSPITAL,7810 BETHANY ROAD,-,LIBERTY TOWNSHIP,OH,45044,Butler,(513) 805-0300,5,Non-profit,06/06/2022
363046,PAM REHABILITATION HOSPITAL OF DAYTON LLC,2310 CROSSPOINTE DRIVE,-,MIAMISBURG,OH,45342,Montgomery,(937) 617-0566,5,For profit,06/15/2023
363047,CINCINNATI REHABILITATION HOSPITAL LLC,4291 PARKVIEW DRIVE,-,BLUE ASH,OH,45242,Hamilton,(513) 788-3321,5,For profit,01/08/2024
363048,CLEARSKY REHABILITATION HOSPITAL OF LANCASTER LLC,1201 RIVER VALLEY BLVD,-,LANCASTER,OH,43130,Fairfield,(740) 303-4300,5,For profit,12/18/2024
363049,"MERCY HEALTH REHABILITATION HOSPITAL, LLC",3180 BELMONT AVENUE,-,YOUNGSTOWN,OH,44505,Mahoning,(234) 264-8500,5,For profit,12/20/2024
36R325,GALION COMMUNITY HOSPITAL,269 PORTLAND WAY SOUTH,-,GALION,OH,44833,Crawford,(419) 468-0885,5,Non-profit,10/01/2004
36R327,COMMUNITY HOSPITALS AND WELLNESS CENTERS,909 EAST SNYDER AVE,-,MONTPELIER,OH,43543,Williams,(419) 485-3154,5,Non-profit,10/01/2004
36T001,MERCY HEALTH ANDERSON HOSPITAL - REHAB UNIT,7500 STATE ROAD,-,CINCINNATI,OH,45255,Hamilton,(502) 596-7486,5,Non-profit,01/01/2017
36T008,SOUTHERN OHIO MEDICAL CENTER,1805 27TH STREET,-,PORTSMOUTH,OH,45662,Scioto,(502) 596-6346,5,Non-profit,07/01/1993
36T009,LIMA MEMORIAL HEALTH SYSTEM,1001 BELLEFONTAINE AVE.,-,LIMA,OH,45804,Allen,(419) 998-4542,5,Non-profit,09/22/1999
36T010,UNION HOSPITAL,659 BOULEVARD,-,DOVER,OH,44622,Tuscarawas,(330) 365-3807,5,Non-profit,01/01/2009
36T016,JEWISH HOSPITAL-MERCY HEALTH,4777 E. GALBRAITH ROAD,-,CINCINNATI,OH,45236,Hamilton,(502) 596-6346,5,Non-profit,01/01/1986
36T025,FIRELANDS REGIONAL MEDICAL CTR,INPATIENT REHABILITATION,1111 HAYES AVENUE,SANDUSKY,OH,44870,Erie,(419) 557-7243,5,Non-profit,01/01/1991
36T032,JOINT TOWNSHIP DISTRICT MEMORIAL HOSPITAL,200 ST. CLAIR AVE,-,ST. MARYS,OH,45885,Auglaize,(419) 394-3335,5,Non-profit,01/01/2004
36T036,WOOSTER COMMUNITY HOSPITAL,1761 BEALL AVE,-,WOOSTER,OH,44691,Wayne,(330) 263-8137,5,Government,01/01/2007
36T041,UNIVERSITY HOSPITALS PARMA MEDICAL CENTER,7007 POWERS BLVD.,-,PARMA,OH,44129,Cuyahoga,(440) 743-4311,5,Non-profit,01/01/1989
36T054,HOLZER MEDICAL CENTER,100 JACKSON PIKE,-,GALLIPOLIS,OH,45631,Gallia,(740) 446-5902,5,Non-profit,03/13/1992
36T056,MERCY HOSPITAL FAIRFIELD,3000 MACK ROAD,-,FAIRFIELD,OH,45014,Butler,(502) 596-6346,5,Non-profit,01/01/2010
36T059,METROHEALTH MEDICAL CENTER,2500 METROHEALTH DRIVE,-,CLEVELAND,OH,44109,Cuyahoga,(216) 957-3336,5,Non-profit,07/01/1984
36T066,ST RITAS MEDICAL CENTER,730 W MARKET ST,-,LIMA,OH,45801,Allen,(419) 227-3361,5,Non-profit,01/01/1991
36T068,FLOWER REHABILITATION CENTER,5200 HARROUN ROAD,-,SYLVANIA,OH,43560,Lucas,(419) 824-1095,5,Non-profit,01/20/2025
36T070,MERCY MEDICAL CENTER,MERCY MEDICAL CENTER,-,CANTON,OH,44708,Stark,(330) 489-1000,5,Non-profit,01/01/1985
36T076,ATRIUM MEDICAL CENTER,ONE MEDICAL CENTER DR,-,FRANKLIN,OH,45005,Butler,(513) 420-5232,5,Non-profit,01/01/1985
36T079,KETTERING MEDICAL CENTER,INPATIENT REHAB UNIT,-,KETTERING,OH,45429,Montgomery,(937) 395-8840,5,Non-profit,01/01/2002
36T084,AULTMAN WOODLAWN,2821 WOODLAWN NW,-,CANTON,OH,44708,Stark,(330) 479-4800,5,Non-profit,10/03/1996
36T085,OHIO STATE UNIVERSITY HOSPITAL,480 MEDICAL CENTER DR,-,COLUMBUS,OH,43210,Franklin,(614) 293-4222,5,Government,07/01/1984
36T086,COMMUNITY OF SPRINGFIELD,ARU-1 EAST,100 MEDICAL CENTER DR,SPRINGFIELD,OH,45505,Clark,(502) 596-6346,5,Non-profit,01/01/1984
36T095,BLANCHARD VALLEY HOSPITAL,1900 SOUTH MAIN STREET,-,FINDLAY,OH,45840,Hancock,(419) 423-4500,5,Non-profit,07/01/2024
36T098,LAKE HOSPITAL SYSTEM,10977 CAPITAL PARKWAY,-,CONCORD,OH,44077,Lake,(440) 953-6251,5,Non-profit,01/01/2004
36T112,MERCY ST CHARLES ACUTE INPATIENT REHABILITATION,2600 NAVARRE AVE,-,OREGON,OH,43616,Lucas,(419) 696-5699,5,Non-profit,03/01/2022
36T118,OHIOHEALTH MANSFIELD REHAB UNIT,335 GLESSNER AVE,-,MANSFIELD,OH,44903,Richland,-,5,Non-profit,01/01/1997
36T121,COMMUNITY HOSPITALS OF WILLIAMS COUNTY,433 WEST HIGH STREET,-,BRYAN,OH,43506,Williams,(419) 485-3154,5,Non-profit,10/01/1994
36T132,FORT HAMILTON REHAB CENTER,630 EATON AVE,-,HAMILTON,OH,45013,Butler,(513) 867-2501,5,Non-profit,01/01/2020
36T155,SOUTHWEST GENERAL HOSPITAL,18697 BAGLEY RD,"ONE SOUTH, ACUTE REHAB UNIT",MIDDLEBURG HEIGHTS,OH,44130,Cuyahoga,(440) 816-4075,5,Non-profit,01/01/2008
36T163,THE CHRIST HOSPITAL REHAB UNIT,2139 AUBURN AVENUE,-,CINCINNATI,OH,45219,Hamilton,(513) 585-5000,5,Non-profit,01/01/1986
36T172,MERCY REGIONAL MEDICAL CENTER,3700 KOLBE ROAD,-,LORAIN,OH,44053,Lorain,(440) 960-3952,5,Non-profit,01/01/1984
36T174,UPPER VALLEY MEDICAL CENTER,3130 N 25A,-,TROY,OH,45373,Miami,(937) 440-4855,5,Non-profit,01/01/1989
36T189,MADISON COUNTY INPATIENT REHAB,210 N MAIN ST,-,LONDON,OH,43140,Madison,(740) 845-7094,5,Non-profit,01/01/1998
36T211,THE TRINITY REHABILITATION CENTER,380 SUMMIT AVE,-,STEUBENVILLE,OH,43952,Jefferson,(740) 283-7809,5,Non-profit,12/22/1998
36T218,LICKING MEMORIAL HOSPITAL,1320 W MAIN ST,-,NEWARK,OH,43055,Licking,(220) 564-1863,5,Non-profit,01/01/2013
36T234,MERCY WEST HOSPITAL,3300 MERCY HEALTH BLVD,-,CINCINNATI,OH,45211,Hamilton,(502) 596-6346,5,Non-profit,01/01/1984
373025,SSM HEALTH REHABILITATION HOSPITAL-OKC,700 NORTHWEST 7TH STREET,-,OKLAHOMA CITY,OK,73102,Oklahoma,(405) 236-3131,6,For profit,06/01/1984
373033,MERCY REHABILITATION HOSPITAL OKLAHOMA CITY,5401 WEST MEMORIAL ROAD,-,OKLAHOMA CITY,OK,73142,Oklahoma,(405) 384-5240,6,For profit,11/14/2012
373034,ASCENSION ST JOHN REHAB HOSPITAL OF BROKEN ARROW,1200 W ALBANY DRIVE,-,BROKEN ARROW,OK,74012,Tulsa,(918) 957-3000,6,For profit,09/26/2016
373035,PAM REHABILITATION HOSPITAL OF TULSA,10020 EAST 91ST STREET,-,TULSA,OK,74133,Tulsa,(918) 940-8801,6,For profit,03/31/2017
373036,"EVEREST REHABILITATION HOSPITAL OKC, LLC",7900 MID-AMERICA BLVD,-,MIDWEST CITY,OK,73135,Oklahoma,(469) 351-3321,6,For profit,04/06/2021
373037,TULSA REHABILITATION HOSPITAL LLC,7909 S 101ST E AVE,-,TULSA,OK,74133,Tulsa,(918) 820-3499,6,For profit,10/18/2022
373038,"OKLAHOMA CITY REHABILITATION HOSPITAL, LLC",10240 BROADWAY EXTENSION,-,OKLAHOMA CITY,OK,73114,Oklahoma,(405) 900-8850,6,For profit,11/29/2022
373039,ASCENSION ST JOHN REHABILITATION HOSPITAL OF OWASS,13402 EAST 86TH STREET NORTH,-,OWASSO,OK,74055,Tulsa,(918) 401-3100,6,For profit,04/07/2023
37T001,HILLCREST KAISER REHABILITATION CENTER,1125 S. TRENTON,-,TULSA,OK,74120,Tulsa,(918) 579-7133,6,For profit,06/30/2006
37T008,NORMAN REGIONAL HOSPITAL,901 N PORTER AVE,-,NORMAN,OK,73071,Cleveland,(405) 307-1000,6,Government,02/11/2014
37T018,JANE PHILLIPS MEMORIAL MEDICAL CENTER,3500 FRANK PHILLIPS BOULEVARD,-,BARTLESVILLE,OK,74006,Washington,(918) 333-7200,6,Non-profit,10/01/2005
37T019,GREAT PLAINS REGIONAL MEDICAL CENTER,1801 WEST 3RD STREET,-,ELK CITY,OK,73644,Beckham,-,6,Non-profit,07/31/2017
37T020,MERCY HOSPITAL ADA,430 NORTH MONTE VISTA,-,ADA,OK,74820,Pontotoc,(580) 421-1183,6,Non-profit,10/01/2004
37T023,DUNCAN REGIONAL HOSPITAL,1407 WHISENANT,-,DUNCAN,OK,73533,Stephens,(580) 252-5300,6,Non-profit,07/01/2005
37T025,SAINT FRANCIS HOSPITAL MUSKOGEE,300 ROCKEFELLER DRIVE,-,MUSKOGEE,OK,74401,Muskogee,(918) 684-2395,6,Non-profit,09/26/2005
37T026,ST MARYS REGIONAL MEDICAL CTR,305 S FIFTH ST,-,ENID,OK,73701,Garfield,(580) 548-5072,6,For profit,01/05/2014
37T034,MCALESTER REGIONAL HEALTH CENTER,ONE CLARK BASS BLVD.,-,MCALESTER,OK,74501,Pittsburg,(918) 421-8123,6,Government,07/01/2006
37T047,MERCY HOSPITAL ARDMORE,1011 14TH AVE NW,-,ARDMORE,OK,73401,Carter,(580) 220-6372,6,Non-profit,02/19/2014
37T049,STILLWATER MEDICAL CENTER,1323 WEST 6TH STREET,-,STILLWATER,OK,74076,Payne,(502) 596-6346,6,Government,01/01/2004
37T056,COMANCHE COUNTY HOSPITAL AUTHORITY,3401 W. GORE BLVD.,-,LAWTON,OK,73505,Comanche,(580) 355-8620,6,Government,07/01/2006
37T091,SAINT FRANCIS REHABILITATION,6161 S. YALE AVE.,4-SOUTH,TULSA,OK,74133,Tulsa,(918) 494-4244,6,Non-profit,07/01/2007
37T106,INTEGRIS SOUTHWEST MEDICAL CENTER,4401 SOUTH WESTERN AVENUE,-,OKLAHOMA CITY,OK,73109,Oklahoma,(405) 636-7000,6,Non-profit,06/30/2005
37T236,INTEGRIS HEALTH EDMOND,4801 INTEGRIS PARKWAY,-,EDMOND,OK,73034,Oklahoma,(405) 657-3000,6,Non-profit,07/01/2021
38T017,LEGACY GOOD SAMARITAN HOSP & MED CTR,1015 NW 22ND AVENUE,LEGACY GOOD SAMARITAN MED CTR,PORTLAND,OR,97210,Multnomah,(503) 413-6477,10,Non-profit,07/01/1984
38T018,ROGUE VALLEY MEDICAL CENTER,2825 EAST BARNETT RD,-,MEDFORD,OR,97504,Jackson,(541) 789-7667,10,Non-profit,10/01/2007
38T047,ST. CHARLES MEDICAL CENTER,2500 NE NEFF ROAD,-,BEND,OR,97701,Deschutes,(541) 706-2611,10,Non-profit,01/01/1990
38T051,SALEM HOSPITAL,890 OAK STREET,PO BOX 14001,SALEM,OR,97301,Marion,(503) 814-4731,10,Non-profit,10/01/1983
38T061,PROVIDENCE PORTLAND MEDICAL CENTER,4805 NE GLISAN,-,PORTLAND,OR,97213,Multnomah,(503) 215-5710,10,Non-profit,01/01/1984
38T075,PROVIDENCE MEDFORD MEDICAL CENTER,1111 CRATER LAKE AVENUE,-,MEDFORD,OR,97504,Jackson,(541) 732-6346,10,Non-profit,01/01/1984
38T102,SACRED HEART MEDICAL CENTER - RIVERBEND,3333 RIVERBEND DRIVE,-,SPRINGFIELD,OR,97477,Lane,(541) 222-7300,10,Non-profit,07/01/1984
393025,BRYN MAWR REHABILITATION HOSPITAL,414 PAOLI PIKE,-,MALVERN,PA,19355,Chester,(484) 596-5400,3,Non-profit,07/01/1984
393026,ENCOMPASS HEALTH REHABILITATION HOSPITAL OF READIN,1623 MORGANTOWN ROAD,-,READING,PA,19607,Berks,(610) 796-6000,3,For profit,01/01/1984
393027,ENCOMPASS HEALTH REHAB HOSPITAL OF HARMARVILLE,320 GUYS RUN ROAD,-,PITTSBURGH,PA,15238,Allegheny,(412) 828-1300,3,For profit,07/01/1984
393030,ALLIED SERVICES INSTITUTE OF REHABILITATION,475 MORGAN HIGHWAY,-,SCRANTON,PA,18508,Lackawanna,(570) 348-1300,3,Non-profit,07/01/1984
393031,ENCOMPASS HEALTH REHABILITATION HOSPITAL OF MECHAN,175 LANCASTER BOULEVARD,-,MECHANICSBURG,PA,17055,Cumberland,(717) 691-3700,3,For profit,07/01/1984
393035,"GOOD SHEPHERD REHABILITATION HOSPITAL, THE",3200 CENTER VALLEY PARKWAY,-,CENTER VALLEY,PA,18034,Lehigh,(610) 242-0345,3,Non-profit,07/01/1984
393036,JOHN HEINZ INSTITUTE OF REHABILITATION MEDICINE,150 MUNDY STREET,-,WILKES BARRE TOWNSHI,PA,18702,Luzerne,(570) 826-3800,3,Non-profit,07/01/1984
393037,"ENCOMPASS HEALTH REHABILITATION HOSPITAL OF YORK,",1850 NORMANDIE DRIVE,-,YORK,PA,17408,York,(717) 767-6941,3,For profit,07/01/1984
393038,MAGEE REHABILITATION HOSPITAL,1513 RACE ST,-,PHILADELPHIA,PA,19102,Philadelphia,(215) 587-3034,3,Non-profit,07/01/1984
393039,ENCOMPASS HEALTH REHABILITATION HOSPITAL OF NITTAN,550 WEST COLLEGE AVENUE,-,PLEASANT GAP,PA,16823,CENTRE,(814) 359-3421,3,For profit,06/01/1985
393040,ENCOMPASS HEALTH REHABILITATION HOSPITAL OF ALTOON,2005 VALLEY VIEW BOULEVARD,-,ALTOONA,PA,16602,Blair,(814) 944-3535,3,For profit,01/06/1986
393045,ENCOMPASS HEALTH REHABILITATION HOSP OF SEWICKLEY,351 CAMP MEETING ROAD,-,SEWICKLEY,PA,15143,Allegheny,(412) 741-9500,3,Non-profit,07/01/1991
393046,"ENCOMPASS HEALTH REHABILITATION HOSPITAL OF ERIE,",143 EAST SECOND STREET,-,ERIE,PA,16507,Erie,(814) 878-1200,3,For profit,08/24/1992
393047,GEISINGER ENCOMPASS HEALTH REHABILITATION HOSPITAL,64 REHAB LANE,-,DANVILLE,PA,17821,Montour,(570) 271-6110,3,For profit,11/20/1997
393053,PENN STATE HEALTH REHABILITATION HOSPITAL,1135 OLD WEST CHOCOLATE AVE,-,HUMMELSTOWN,PA,17036,Dauphin,(717) 832-2600,3,For profit,08/10/2007
393054,LANCASTER REHABILITATION HOSPITAL,675 GOOD DRIVE,-,LANCASTER,PA,17604,Lancaster,(717) 544-4819,3,For profit,07/06/2007
393055,ST MARY REHABILITATION HOSPITAL,1208 LANGHORNE-NEWTOWN ROAD,-,LANGHORNE,PA,19047,Bucks,(267) 688-0711,3,For profit,07/11/2014
393056,HELEN M SIMPSON REHABILITATION HOSPITAL,4300 LONDONDERRY ROAD,-,HARRISBURG,PA,17109,Dauphin,(717) 920-4300,3,For profit,03/11/2015
39T002,UPMC MCKEESPORT HOSPITAL,1500 FIFTH AVE.,-,MCKEESPORT,PA,15132,Allegheny,(877) 287-3422,3,Non-profit,07/01/1989
39T009,SAINT VINCENT HOSPITAL,232 WEST 25TH STREET,-,ERIE,PA,16544,Erie,(814) 452-5524,3,Non-profit,07/01/1984
39T013,EVANGELICAL COMMUNITY HOSPITAL,ONE HOSPITAL DRIVE,-,LEWISBURG,PA,17837,Union,(570) 522-2000,3,Non-profit,07/01/2003
39T016,UPMC JAMESON,1211 WILMINGTON RD,-,NEW CASTLE,PA,16105,Lawrence,(877) 287-3422,3,Non-profit,07/01/1990
39T028,UPMC MERCY,1400 LOCUST STREET,-,PITTSBURGH,PA,15219,Allegheny,(877) 287-3422,3,Non-profit,07/01/1984
39T030,LEHIGH VALLEY HOSPITAL-SCHUYLKILL,700 E NORWEGIAN ST,-,POTTSVILLE,PA,17901,Schuylkill,(610) 402-7062,3,Non-profit,05/26/2018
39T032,ALLEGHENY VALLEY HOSPITAL,1301 CARLISLE STREET,-,NATRONA HEIGHTS,PA,15065,Allegheny,(724) 226-7250,3,Non-profit,07/01/2017
39T041,UNIONTOWN HOSPITAL,500 W. BERKELEY ST.,-,UNIONTOWN,PA,15401,Fayette,(724) 430-5141,3,Non-profit,07/01/1998
39T044,THE READING HOSPITAL AND MEDICAL CENTER,2802 PAPERMILL RD,-,WYOMISSING,PA,19610,Berks,(484) 628-2388,3,Non-profit,07/01/1999
39T045,UPMC SUSQUEHANNA WILLIAMSPORT,777 RURAL AVENUE,-,WILLIAMSPORT,PA,17701,Lycoming,(877) 287-3422,3,Non-profit,07/01/1986
39T049,ST LUKES HOSPITAL,801 OSTRUM ST,-,BETHLEHEM,PA,18015,Northampton,(484) 526-2304,3,Non-profit,07/01/2006
39T057,GRAND VIEW HOSPITAL,700 LAWN AVENUE,-,SELLERSVILLE,PA,18960,Bucks,(215) 453-4731,3,Non-profit,07/01/2005
39T058,UPMC PINNACLE CARLISLE,361 ALEXANDER SPRING ROAD,-,CARLISLE,PA,17013,Cumberland,(717) 960-3511,3,Non-profit,07/01/2000
39T066,THE GOOD SAMARITAN HOSPITAL,4TH AND WALNUT STREETS,-,LEBANON,PA,17042,Lebanon,(717) 270-7500,3,Non-profit,07/01/1989
39T079,ROBERT PACKER HOSP,GUTHRIE SQUARE,-,SAYRE,PA,18840,Bradford,(717) 888-6666,3,Non-profit,07/01/2021
39T086,PENN HIGHLANDS DUBOIS,100 HOSPITAL AVE,-,DUBOIS,PA,15801,Clearfield,(814) 375-3058,3,Non-profit,07/01/1995
39T090,WESTERN PENNSYLVANIA HOSPITAL,4800 FRIENDSHIP AVE,-,PITTSBURGH,PA,15224,Allegheny,(412) 578-1093,3,Non-profit,07/01/1984
39T091,UPMC NORTHWEST,100 FAIRFIELD AVE.,-,SENECA,PA,16346,Venango,(877) 287-3422,3,Non-profit,07/01/1986
39T093,THE REHAB CTR @ CLARION HOSP,ONE HOSPITAL DR,-,CLARION,PA,16214,Clarion,(814) 226-9500,3,Non-profit,07/01/2009
39T102,UPMC ST MARGARET,815 FREEPORT ROAD,-,PITTSBURGH,PA,15215,Allegheny,(877) 287-3422,3,Non-profit,07/01/1984
39T107,UPMC PASSAVANT,9100 BABCOCK BLVD.,-,PITTSBURGH,PA,15237,Allegheny,(877) 287-3422,3,Non-profit,07/01/2002
39T110,CRICHTON REHABILITATION CENTER,1086 FRANKLIN STREET,-,JOHNSTOWN,PA,15905,Cambria,(814) 534-7928,3,For profit,07/01/1996
39T111,HOSPITAL OF THE UNIVERSITY OF PENNSYLVANIA,1800 LOMBARD STREET,-,PHILADELPHIA,PA,19146,Philadelphia,(215) 893-6532,3,Non-profit,07/01/1984
39T113,MEADVILLE MEDICAL CENTER,1034 GROVE STREET,-,MEADVILLE,PA,16335,Crawford,(814) 333-5320,3,Non-profit,07/01/1993
39T125,WAYNE MEMORIAL HOSPITAL,601 PARK STREET,-,HONESDALE,PA,18431,Wayne,(570) 253-8100,3,Non-profit,07/01/2006
39T127,REGIONAL REHAB CENTER,140 NUTT RD,-,PHOENIXVILLE,PA,19460,Chester,(610) 983-1440,3,Non-profit,07/01/2013
39T133,LEHIGH VALLEY HOSPITAL,1200 S CEDAR CREST BLVD,-,ALLENTOWN,PA,18103,Lehigh,(610) 402-7062,3,Non-profit,07/01/2015
39T137,CENTER FOR ADVANCED REHAB,575 NORTH RIVER ST,-,WILKES-BARRE,PA,18764,Luzerne,(570) 552-4470,3,For profit,07/01/2011
39T142,MOSS REHAB,60 TOWNSHIP LINE ROAD,-,ELKINS PARK,PA,19027,Philadelphia,(215) 663-6274,3,Non-profit,07/01/1992
39T147,MONONGAHELA VALLEY HOSPITAL,COUNTRY CLUB ROAD,-,MONONGAHELA,PA,15063,Washington,(724) 258-1408,3,Non-profit,07/01/1988
39T151,CHAMBERSBURG HOSPITAL,112 N SEVENTH ST,-,CHAMBERSBURG,PA,17201,Franklin,(717) 267-3000,3,Non-profit,07/01/1987
39T156,MERCY FITZGERALD HOSPITAL,INPATIENT REHABILITATION UNIT,-,DARBY,PA,19023,Delaware,(610) 237-2766,3,Non-profit,07/01/1984
39T160,CANONSBURG GENERAL HOSPITAL,100 MEDICAL BOULEVARD,-,CANONSBURG,PA,15317,Washington,(724) 745-3908,3,Non-profit,07/01/2000
39T162,EASTON HOSPITAL,250 SOUTH 21ST. ST.,-,EASTON,PA,18042,Northampton,(610) 250-4230,3,Non-profit,07/01/1984
39T164,UPMC MONTEFIORE,200 LOTHROP ST,-,PITTSBURGH,PA,15213,Allegheny,(877) 287-3422,3,Non-profit,07/01/1993
39T173,REHAB CARE CENTER AT INDIANA REGIONAL MEDICAL CENT,835 HOSPITAL ROAD,-,INDIANA,PA,15701,Indiana,(502) 596-6346,3,Non-profit,07/01/2003
39T185,GUNDERSON REHABILITATION CENTER,700 EAST BROAD STREET,-,HAZLETON,PA,18201,Luzerne,(570) 501-4625,3,Non-profit,01/01/2000
39T198,MILLCREEK COMMUNITY HOSPITAL,5515 PEACH ST,-,ERIE,PA,16509,Erie,(814) 868-2462,3,Non-profit,07/01/2013
39T201,LEHIGH VALLEY HOSPITAL - POCONO,206 E BROWN ST,-,EAST STROUDSBURG,PA,18301,Monroe,(610) 402-7062,3,Non-profit,07/01/2017
39T204,NAZARETH HOSPITAL REHAB,2601 HOLME AVENUE,-,PHILADELPHIA,PA,19152,Philadelphia,(215) 335-6420,3,Non-profit,07/01/1993
39T225,EPHRATA REHABILITATION UNIT,169 MARTIN AVENUE,-,EPHRATA,PA,17522,Lancaster,(717) 738-6488,3,Non-profit,07/01/2002
39T265,JEFFERSON HOSPITAL,565 COAL VALLEY RD,-,JEFFERSON HILLS,PA,15025,Allegheny,(412) 469-7488,3,Non-profit,07/01/1984
39T304,ROXBOROUGH MEMORIAL HOSPITAL,5800 RIDGE AVENUE,-,PHILADELPHIA,PA,19128,Philadelphia,(215) 487-4551,3,For profit,12/19/2002
39T327,WELLSPAN SURGERY AND REHABILITATION HOSPITAL,55 MONUMENT RD,-,YORK,PA,17403,York,(717) 812-6100,3,Non-profit,04/26/2012
39T328,UPMC EAST,2735 MOSSIDE BLVD,-,MONROEVILLE,PA,15146,Allegheny,(877) 287-3422,3,Non-profit,07/01/2014
39TA27,KINDRED HOSPITAL PHILADELPHIA,6129 PALMETTO STREET,-,LAWNCREST,PA,19111,Philadelphia,(215) 722-8555,3,For profit,09/01/2021
403025,ENCOMPASS HEALTH REHABILITATION HOSPITAL OF SAN JU,3RD FLOOR UNIVERSITY HOSPITAL MEDICAL CENTER,-,SAN JUAN,PR,00936,San Juan,(787) 274-5100,2,For profit,07/07/2000
403026,ENCOMPASS HEALTH REHABILITATION HOSPITAL MANATI,CARRETERA 2 KILOMETRO 47 7,-,MANATI,PR,00674,Manati,(787) 621-3800,2,For profit,05/29/2008
403027,MULTY MEDICAL FACILITIES CORPORATION,MUNOZ RIVERA AVENUE 402,-,SAN JUAN,PR,00918,San Juan,(787) 705-8677,2,For profit,01/01/2016
403028,VARMED REHABILITATION CENTER,CALLE MANUEL F ROSSY ESQUINA ISABEL II,-,BAYAMON,PR,00959,Bayamon,(787) 995-1900,2,For profit,07/18/2025
40T012,HOSPITAL ONCOLOGICO DR ISAAC GONZALEZ MARTINEZ,BO. MONACILLOS CARR 22 CENTRO MEDICO DE PUERTO RIC,-,SAN JUAN,PR,00935,San Juan,(787) 763-4149,2,Non-profit,07/01/2019
40T014,BELLA VISTA REHABILITATION CENTER,PO BOX 1750,-,MAYAGUEZ,PR,00681,Mayaguez,(502) 596-6346,2,Non-profit,01/01/2011
40T016,HOSPITAL AUXILIO MUTUO OF PUERTO RICO,AVE PONCE DE LEON,-,HATO REY,PR,00919,San Juan,(787) 758-2000,2,Government,05/15/2017
40T021,HOSPITAL DE LA CONCEPCION,HWY 2 KM 173.4,-,SAN GERMAN,PR,00683,San German,(787) 892-1860,2,Non-profit,01/01/2013
40T104,HOSPITAL MENONITA CAGUAS INC,CARR 172 EXIT 21 URB TURABO GARDENS,-,CAGUAS,PR,00725,Caguas,(787) 744-3141,2,Non-profit,04/01/2022
413025,REHABILITATION HOSPITAL OF RHODE ISLAND,116 EDDIE DOWLING HIGHWAY,-,NORTH SMITHFIELD,RI,02896,Providence,(401) 766-0800,1,For profit,01/04/1994
413026,ENCOMPASS HEALTH REHAB HOSPITAL OF JOHNSTON,2109 HARTFORD AVENUE,-,JOHNSTON,RI,02919,Providence,(401) 587-1000,1,For profit,08/13/2024
41T005,SOUTHERN NEW ENGLAND REHAB CTR,200 HIGH SERVICE AVENUE,-,NORTH PROVIDENCE,RI,02904,Providence,(401) 456-3868,1,For profit,10/01/1989
41T006,NEWPORT HOSPITAL,11 FRIENDSHIP STREET,-,NEWPORT,RI,02840,Newport,(401) 845-1600,1,Non-profit,10/01/1983
41T009,KENT COUNTY MEMORIAL HOSPITAL,455 TOLL GATE RD.,-,WARWICK,RI,02886,Kent,(502) 596-6346,1,For profit,10/01/1996
423025,ENCOMPASS HEALTH REHABILITATION HOSPITAL OF COLA,2935 COLONIAL DRIVE,-,COLUMBIA,SC,29203,Richland,(803) 254-7777,4,For profit,01/12/1989
423026,ENCOMPASS HEALTH REHABILITATION HOSPITAL OF FLORE,900 EAST CHEVES ST,-,FLORENCE,SC,29506,Florence,(843) 679-9000,4,For profit,09/05/1991
423027,MUSC HEALT REHABILITATION HOSPITAL,9181 MEDCOM ST,-,NORTH CHARLESTON,SC,29406,Charleston,(843) 820-7777,4,For profit,01/13/1994
423028,ENCOMPASS HEALTH REHABILITATION HOSPITAL OF ROCK H,1795 FRANK GASTON BLVD,-,ROCK HILL,SC,29732,York,(803) 326-3500,4,For profit,05/25/2000
423029,ANMED HEALTH REHABILITATION HOSPITAL,1 SPRINGBACK WAY,-,ANDERSON,SC,29621,Anderson,(864) 716-2600,4,Non-profit,02/26/2003
423030,"GREENWOOD REGIONAL REHABILITATION HOSPITAL, INC",1530 PARKWAY,-,GREENWOOD,SC,29646,Greenwood,(864) 330-9070,4,For profit,11/30/2007
423031,"SPARTANBURG REHABILITATION INSTITUTE, INC",160 HAROLD FLEMING COURT,-,SPARTANBURG,SC,29303,Spartanburg,(864) 641-6510,4,For profit,09/19/2013
423032,ENCOMPASS HEALTH REHAB HOSPITAL OF BLUFFTON,107 SEAGRASS ROAD,-,BLUFFTON,SC,29910,Beaufort,(843) 836-8200,4,For profit,07/27/2018
423033,TIDELANDS HEALTH REHABILITATION HOSPITALS,"4070 HIGHWAY 17 BYPASS SOUTH, 4TH FLOOR",-,MURRELLS INLET,SC,29576,Georgetown,(843) 652-1350,4,For profit,10/02/2018
423034,MIDLANDS REGIONAL REHABILITATION HOSPITAL,20 PINNACLE PKWY,-,ELGIN,SC,29045,Kershaw,(803) 438-8890,4,For profit,09/28/2020
423035,ENCOMPASS HEALTH REHABILITATION HOSPITAL GREENVILL,3372 LAURENS RD,-,GREENVILLE,SC,29607,Greenville,(864) 537-4600,4,For profit,08/20/2021
423036,LEXINGTON REGIONAL REHABILITATION HOSPITAL,3085 TAYLOR ROAD,-,CAYCE,SC,29033,Lexington,(717) 591-5700,4,Non-profit,08/18/2023
423037,ENCOMPASS HEALTH REHABILITATION HOSPITAL FORT MILL,2260 VISTA ROAD,-,FORT MILL,SC,29708,York,(839) 400-2400,4,For profit,10/15/2024
42T004,MUSC MEDICAL CENTER,169 ASHLEY AVE,-,CHARLESTON,SC,29425,Charleston,(843) 792-2300,4,Government,03/01/2023
42T007,SPARTANBURG MEDICAL CENTER FOR REHAB MEDICINE,101 E WOOD ST,-,SPARTANBURG,SC,29303,Spartanburg,(864) 560-6554,4,Government,02/22/2019
42T023,BON SECOUR ST. FRANCIS INPATIENT REHAB CENTER,1 ST. FRANCIS DRIVE,-,GREENVILLE,SC,29601,Greenville,(864) 255-1954,4,Non-profit,04/13/2023
42T030,COLLETON MEDICAL CENTER,501 ROBERTSON BLVD,PO BOX 5001,WALTERBORO,SC,29488,Colleton,(843) 782-2455,4,For profit,08/17/2012
42T036,MUSC HEALTH LANCASTER REHABILITATION CTR,800 W MEETING ST,-,LANCASTER,SC,29720,Lancaster,(803) 286-1308,4,For profit,10/01/1995
42T049,CONWAY MEDICAL CENTER,300 SINGLETON RIDGE ROAD,-,CONWAY,SC,29526,Horry,(843) 347-8037,4,Non-profit,10/01/2021
42T067,THE REHAB UNIT AT BEAUFORT MEMORIAL HOSPITAL,955 RIBAUT RD,-,BEAUFORT,SC,29902,Beaufort,(843) 522-5821,4,Government,10/01/2011
42T070,PRISMA HEALTH TUOMEY,129 NORTH WASHINGTON STREET,-,SUMTER,SC,29150,Sumter,(803) 774-9476,4,Non-profit,08/27/2003
42T078,PRISMA HEALTH ROGER C. PEACE REHABILITATION HOSPIT,701 GROVE ROAD,-,GREENVILLE,SC,29605,Greenville,(864) 455-3779,4,Non-profit,10/01/2024
42T079,TRIDENT MEDICAL CENTER,9330 MEDICAL PLAZA DR,-,CHARLESTON,SC,29406,Charleston,(843) 847-5659,4,For profit,04/01/2019
42T082,AIKEN REGIONAL MEDICAL CENTERS,302 UNIVERSITY PKWY,-,AIKEN,SC,29801,Aiken,(803) 641-5648,4,For profit,01/01/2018
42T085,GRAND STRAND MEDICAL CENTER,809 82ND PKWY,-,MYRTLE BEACH,SC,29572,Horry,(843) 497-8740,4,For profit,05/01/2018
42T087,ROPER REHABILITATION HOSPITAL,316 CALHOUN ST,-,CHARLESTON,SC,29401,Charleston,(843) 724-2819,4,Non-profit,10/01/1995
42T089,EAST COOPER MEDICAL CENTER,2000 HOSPITAL DR,-,MOUNT PLEASANT,SC,29464,Charleston,(843) 881-0100,4,For profit,01/01/2021
42T091,MUSC FLORENCE REHABILITATION CENTER,121 E CEDAR STREET,-,FLORENCE,SC,29501,Florence,(843) 661-3381,4,Government,09/26/1991
42T101,COASTAL CAROLINA MEDICAL CENTER,1000 MEDICAL CENTER DRIVE,-,HARDEEVILLE,SC,29927,Jasper,(843) 784-8066,4,For profit,04/06/2005
433027,ENCOMPASS HEALTH REHAB HOSPITAL OF SIOUX FALLS,4700 W 69TH STREET,-,SIOUX FALLS,SD,57108,Minnehaha,(605) 305-5600,8,For profit,07/28/2020
43T012,AVERA SACRED HEART HOSPITAL,501 SUMMIT,-,YANKTON,SD,57078,Yankton,(605) 668-8297,8,Non-profit,07/01/1997
43T016,AVERA MCKENNAN REHABILITATION UNIT,1000 E 23RD ST 5TH FLOOR,-,SIOUX FALLS,SD,57105,Minnehaha,(605) 322-2170,8,Non-profit,08/04/2016
43T027,SANFORD MEDICAL CENTER,1305 W 18TH STREET,-,SIOUX FALLS,SD,57117,Minnehaha,(605) 328-6758,8,Non-profit,07/01/2017
43TA03,REHAB & CRITICAL CARE HOSPITAL OF THE BLACK HILLS,2115 PROMISE ROAD,-,RAPID CITY,SD,57701,Pennington,(605) 646-6040,8,For profit,06/22/2024
443025,SISKIN HOSPITAL FOR PHYSICAL REHABILITATION,1 SISKIN PLAZA,-,CHATTANOOGA,TN,37403,Hamilton,(423) 634-1200,4,Non-profit,02/16/1990
443027,"REHABILITATION HOSPITAL OF KINGSPORT, A JOINT VENT",113 CASSEL DRIVE,-,KINGSPORT,TN,37660,Sullivan,(423) 246-7240,4,For profit,09/05/1991
443028,VANDERBILT STALLWORTH REHAB HOSPITAL,2201 CHILDRENS WAY,-,NASHVILLE,TN,37212,Davidson,(615) 320-7600,4,For profit,11/09/1993
443029,ENCOMPASS HEALTH REHABILITIATION HOSPITAL OF MEMPH,1282 UNION AVENUE,-,MEMPHIS,TN,38104,Shelby,(901) 722-2000,4,For profit,07/08/1994
443030,WEST TENNESSEE HEALTHCARE REHABILITATION HOSPITAL,180 MOUNT PELIA ROAD,-,MARTIN,TN,38237,WEAKLEY,(731) 587-4261,4,For profit,10/09/2001
443031,ENCOMPASS HEALTH METHODIST REHABILITATION HOSPITAL,4100 AUSTIN PEAY HIGHWAY,-,MEMPHIS,TN,38128,Shelby,(901) 213-5400,4,For profit,03/08/2002
443032,ENCOMPASS HEALTH REHABILITATION HOSPITAL OF CHATTA,2412 MCCALLIE AVENUE,-,CHATTANOOGA,TN,37404,Hamilton,(423) 698-0221,4,For profit,06/01/2014
443033,"QUILLEN REHABILITATION HOSPITAL, AJV OF BALLAD HLT",2511 WESLEY STREET,-,JOHNSON CITY,TN,37601,Washington,(423) 952-1700,4,For profit,12/16/2014
443034,BAPTIST MEMORIAL REHABILITATION HOSPITAL,1240 S GERMANTOWN ROAD,-,GERMANTOWN,TN,38138,Shelby,(901) 757-1350,4,For profit,11/20/2014
443035,ENCOMPASS HEALTH REHABILITATION HOSPITAL OF FRANKL,1000 PHYSICIANS WAY,-,FRANKLIN,TN,37067,Williamson,(615) 721-4000,4,For profit,01/25/2016
443036,WEST TENNESSEE HEALTHCARE REHABILITATION HOSPTIAL,616 WEST FOREST AVENUE,-,JACKSON,TN,38301,Madison,(731) 541-5000,4,For profit,07/24/2017
443037,KNOXVILLE REHABILITATION HOSPITAL,1250 TENNOVA MEDICAL WAY,-,KNOXVILLE,TN,37909,Knox,(865) 895-6000,4,For profit,07/23/2021
443038,ASCENSION SAINT THOMAS REHABILITATION HOSPITAL,310 21ST AVENUE N,-,NASHVILLE,TN,37203,Davidson,(629) 253-5300,4,For profit,07/15/2022
443039,PATRICIA NEAL REHABILITATION HOSPITAL,101 FORT SANDERS WEST BLVD,-,KNOXVILLE,TN,37922,Knox,(865) 895-3000,4,For profit,03/16/2023
44T003,SUMNER REGIONAL MEDICAL CENTER,P.O. BOX 1558,-,GALLATIN,TN,37066,Sumner,(615) 328-5081,4,For profit,06/01/1994
44T006,SKYLINE REHAB CENTER,3441 DICKERSON PIKE,-,NASHVILLE,TN,37207,Davidson,(615) 769-7867,4,Non-profit,12/01/2022
44T035,TENNOVA HEALTHARE - CLARKSVILLE,651 DUNLOP LANE,-,CLARKSVILLE,TN,37040,Montgomery,(931) 502-4001,4,For profit,01/01/2009
44T046,HORIZON REHABILITATION CENTER,111 HIGHWAY 70 EAST,-,DICKSON,TN,37055,Dickson,(615) 326-2781,4,For profit,06/01/2024
44T050,TAKOMA REGIONAL HOSPITAL,401 TAKOMA AVENUE,-,GREENEVILLE,TN,37743,Greene,(423) 636-0444,4,Non-profit,07/01/1999
44T058,SOUTHERN TENNESSEE MEDICAL CTR,185 HOSPITAL ROAD,-,WINCHESTER,TN,37398,Franklin,(931) 967-8390,4,For profit,01/01/2003
44T059,THE REHAB CENTER AT COOKEVILLE RMC,215 WEST 6TH STREET,-,COOKEVILLE,TN,38501,Putnam,(502) 596-6346,4,Government,07/01/2003
44T120,TENNOVA REHAB CARE CENTER,900 E. OAK HILL AVENUE,-,KNOXVILLE,TN,37917,Knox,(865) 545-7161,4,For profit,01/01/1992
44T150,SUMMIT MEDICAL CENTER,5655 FRIST BLVD,-,HERMITAGE,TN,37076,Davidson,(615) 391-7310,4,For profit,01/01/2014
44T151,RIVER PARK INPATIENT REHABILITATION,1559 SPARTA RD,-,MCMINNVILLE,TN,37110,Warren,(502) 596-6346,4,Non-profit,04/27/1998
44T152,REHABILITATION HOSPITAL OF MEMPHIS,890 MADISON AVENUE,3RD FLOOR TURNER TOWER,MEMPHIS,TN,38103,Shelby,(901) 545-6060,4,Government,03/01/2018
44T156,PARKRIDGE MEDICAL CENTER,2333 MCCALLIE AVE,-,CHATTANOOGA,TN,37404,Hamilton,(423) 493-6822,4,For profit,04/01/2003
44T175,CROCKETT HOSPITAL REHAB UNIT,1607 S LOCUST AVE,-,LAWRENCEBURG,TN,38464,Lawrence,(931) 766-3274,4,Non-profit,03/01/1997
44T183,SAINT FRANCIS HOSPITAL,5959 PARK AVENUE,-,MEMPHIS,TN,38119,Shelby,(901) 765-2400,4,For profit,03/01/1985
44T187,JACK M ROE REHABILITATION UNIT,315 OAK ST,-,LIVINGSTON,TN,38570,Overton,(931) 823-5611,4,For profit,02/28/1999
44T197,SOUTHERN HILLS MEDICAL CENTER,391 WALLACE RD,-,NASHVILLE,TN,37211,Davidson,(615) 781-3470,4,For profit,06/01/2011
44T200,STONES RIVER HOSPITAL,324 DOOLITTLE ROAD,-,WOODBURY,TN,37190,Cannon,(615) 563-7296,4,For profit,01/01/2006
44T231,TRUSTPOINT HOSPITAL OF MURFREESBORO,1009 N THOMPSON LANE,-,MURFREESBORO,TN,37129,Rutherford,(615) 867-1111,4,For profit,09/05/2024
453025,TIRR MEMORIAL HERMANN,1333 MOURSUND AVE,-,HOUSTON,TX,77030,Harris,(713) 799-7022,6,Non-profit,01/01/1984
453029,ENCOMPASS HEALTH REHABILITATION HOSPITAL OF HUMBL,19002 MCKAY DRIVE,-,HUMBLE,TX,77338,Harris,(281) 446-6148,6,For profit,11/21/1984
453031,ENCOMPASS HEALTH REHABILITATION HOSPITAL OF SAN AN,9119 CINNAMON HILL,-,SAN ANTONIO,TX,78240,Bexar,(210) 691-0737,6,For profit,06/14/1988
453035,WARM SPRINGS REHAB HOSPITAL OF SAN ANTONIO LLC,5101 MEDICAL DR,-,SAN ANTONIO,TX,78229,Bexar,(210) 616-0100,6,For profit,02/22/1989
453036,BAYLOR SCOTT & WHITE INSTITUTE FOR REHABILITATION,909 NORTH WASHINGTON AVENUE,-,DALLAS,TX,75246,Dallas,(214) 820-9543,6,For profit,02/16/1989
453040,ENCOMPASS HEALTH REHABILITATION HOSPITAL OF ARLING,3200 MATLOCK ROAD,-,ARLINGTON,TX,76015,Tarrant,(817) 468-4000,6,For profit,05/04/1990
453042,ENCOMPASS HEALTH REHABILITATION HOSPITAL OF CITY,6701 OAKMONT BOULEVARD,-,FORT WORTH,TX,76132,Tarrant,(817) 370-4700,6,For profit,07/10/1990
453047,ENCOMPASS HEALTH REHABILITATION HOSPITAL OF PLANO,2800 W 15TH ST,-,PLANO,TX,75075,Collin,(972) 612-9000,6,For profit,03/26/1991
453048,PAM REHABILITATION HOSPITAL OF BEAUMONT,3340 PLAZA 10 DRIVE,-,BEAUMONT,TX,77707,Jefferson,(409) 835-0835,6,For profit,03/28/1991
453053,ENCOMPASS HEALTH REHABILITATION HOSPITAL OF TEXARK,515 WEST 12TH ST,-,TEXARKANA,TX,75501,Bowie,(903) 793-0088,6,For profit,04/30/1992
453054,ENCOMPASS HEALTH REHABILITATION HOSPITAL OF WICH,3901 ARMORY ROAD,-,WICHITA FALLS,TX,76301,Wichita,(940) 720-5700,6,For profit,07/09/1992
453056,"CHRISTUS TRINITY MOTHER FRANCES REHAB, A PARTNER O",3131 TROUP HWY,-,TYLER,TX,75701,Smith,(903) 510-7000,6,For profit,02/04/1993
453057,ENCOMPASS HEALTH REHABILITATION HOSPITAL OF MIDLAN,1800 HERITAGE BOULEVARD,-,MIDLAND,TX,79707,Midland,(432) 520-1600,6,For profit,02/17/1993
453059,ENCOMPASS HEALTH REHABILITATION HOSP OF THE WOODLA,18550 I 45 SOUTH,-,CONROE,TX,77384,Montgomery,(281) 364-3304,6,For profit,05/26/1993
453072,UT HEALTH EAST TEXAS REHABILITATION HOSPITAL,701 OLYMPIC PLAZA CIRCLE,-,TYLER,TX,75701,SMITH,(903) 596-3000,6,For profit,08/10/1995
453091,WESLACO REGIONAL REHABILITATION HOSPITAL LLC,906 JAMES STREET,-,WESLACO,TX,78596,Hidalgo,(956) 969-2222,6,For profit,10/07/2004
453092,SOUTH TEXAS REHABILTATION HOSPITAL,425 EAST ALTON GLOOR BLVD,-,BROWNSVILLE,TX,78526,Cameron,(956) 554-6000,6,For profit,05/16/2005
45T002,PROVIDENCE MEMORIAL HOSPITAL,2001 N OREGON ST,-,EL PASO,TX,79902,El Paso,(915) 542-6011,6,For profit,01/01/1994
45T007,SID PETERSON MEMORIAL HOSPITAL,551 HILL COUNTRY DR.,-,KERRVILLE,TX,78028,Kerr,(830) 258-7554,6,Non-profit,07/01/2002
45T011,ST JOSEPH REGIONAL REHAB,1600 JOSEPH DRIVE,-,BRYAN,TX,77802,Brazos,(979) 821-7549,6,Non-profit,12/30/1997
45T015,PARKLAND HEALTH HOSPITAL SYS,5200 HARRY HINES BLVD,-,DALLAS,TX,75235,Dallas,(469) 419-2024,6,Government,10/01/2018
45T029,LAREDO MEDICAL CENTER,1700 E SAUNDERS ST,-,LAREDO,TX,78041,Webb,(956) 796-3962,6,For profit,10/01/2024
45T032,CHRISTUS GOOD SHEPHERD MEDICAL CENTER - LONGVIEW,700 EAST MARSHALL AVENUE,-,LONGVIEW,TX,75601,Harrison,(903) 315-3299,6,Non-profit,09/27/2000
45T033,VALLEY BAPTIST HEALTH SYSTEM REHAB UNIT,2101 PEASE STREET,-,HARLINGEN,TX,78550,Cameron,(956) 389-1550,6,For profit,09/01/1995
45T035,ST. JOSEPH MEDICAL CENTER,1401 ST. JOSEPH PARKWAY,GWS 3381,HOUSTON,TX,77002,Harris,(713) 756-5334,6,Physician,06/30/1996
45T042,ASCENSION PROVIDENCE,6901 MEDICAL PARKWAY,-,WACO,TX,76712,McLennan,(254) 751-4000,6,Non-profit,07/01/2024
45T044,UT SOUTHWESTERN INPATIENT REHABILITATION,5151 HARRY HINES BLVD,-,DALLAS,TX,75235,Dallas,(214) 645-4833,6,Government,09/01/2019
45T046,CHRISTUS SPOHN REHABILITIATION CENTER,600 ELIZABETH ST.,-,CORPUS CHRISTI,TX,78404,Nueces,(361) 881-3429,6,Non-profit,07/01/1999
45T058,BAPTIST HEALTH SYSTEM,7930 FLOYD CURL,-,SAN ANTONIO,TX,78229,Bexar,(210) 297-5192,6,For profit,01/01/2003
45T068,MEMORIAL HERMANN TEXAS MEDICAL CENTER REHAB UNIT,6411 FANNIN,-,HOUSTON,TX,77030,Harris,(713) 704-2225,6,Non-profit,10/01/1995
45T072,BRAZOSPORT MEMORIAL HOSPITAL,100 MEDICAL DRIVE,-,LAKE JACKSON,TX,77566,Brazoria,(979) 285-1869,6,Non-profit,01/01/1996
45T079,BAYLOR SCOTT & WHITE INSTITUTE FOR REHABILITATION,1901 N. MACARTHUR,-,IRVING,TX,75061,Dallas,(972) 579-8759,6,Non-profit,07/01/2016
45T080,TITUS REGIONAL MEDICAL CENTER,2001 N. JEFFERSON,-,MT. PLEASANT,TX,75455,Franklin,(903) 577-6579,6,Government,10/01/1995
45T092,FORT DUNCAN REGIONAL MEDICAL CENTER,3333 N FOSTER MALDONADO BLVD,-,EAGLE PASS,TX,78852,Maverick,(830) 872-2990,6,For profit,01/01/2007
45T097,HCA HOUSTON HEALTHCARE SOUTHEAST,4000 SPENCER HIGHWAY,-,PASADENA,TX,77504,Harris,(713) 359-5381,6,For profit,01/01/1996
45T101,HILLCREST BAPTIST MED CTR,100 HILLCREST MEDICAL BLVD,-,WACO,TX,76712,McLennan,(254) 202-9815,6,Non-profit,06/01/2010
45T104,GUADALUPE REGIONAL MEDICAL CTR,1215 EAST COURT STREET,-,SEGUIN,TX,78155,Guadalupe,(830) 401-7789,6,Government,10/01/2004
45T107,LAS PALMAS REHABILITATION HOSPITAL,300 WAYMORE,-,EL PASO,TX,79902,El Paso,(915) 577-2630,6,For profit,01/01/2004
45T119,EDINBURG REGIONAL MEDICAL CTR,1102 W TRENTON,PO BOX 2000,EDINBURG,TX,78539,Hidalgo,(804) 245-0406,6,For profit,01/01/2018
45T137,BAYLOR MEDICAL CENTER AT ALL SAINTS,1400 EIGHTH AVENUE,-,FORT WORTH,TX,76104,Tarrant,(817) 926-2544,6,Non-profit,06/30/2010
45T147,DETAR HEALTHCARE SYSTEM,506 E SAN ANTONIO,P.O. BOX 2089,VICTORIA,TX,77902,Victoria,(361) 788-6963,6,For profit,10/01/1995
45T176,MISSION REGIONAL MEDICAL CENTER,900 S. BRYAN RD.,-,MISSION,TX,78572,Hidalgo,(502) 596-6346,6,Non-profit,10/01/1998
45T184,MEMORIAL HERMANN HOSPITAL,7737 SW FWY,-,HOUSTON,TX,77074,Harris,(713) 867-3394,6,Non-profit,06/30/1996
45T193,ST. LUKES EPISCOPAL HOSPITAL,6720 BERTNER,-,HOUSTON,TX,77030,Harris,(832) 355-6281,6,Non-profit,10/01/1995
45T196,PARIS REGIONAL MEDICAL CENTER,820 CLARKSVILLE STREET,865 DESHONG DRIVE,PARIS,TX,75460,Lamar,(502) 596-6346,6,For profit,01/01/1995
45T209,NORTHWEST TEXAS HEALTHCARE SYS,1501 S COULTER,-,AMARILLO,TX,79109,Potter,(806) 351-5115,6,Non-profit,01/01/2014
45T211,MEMORIAL MED CENTER OF EAST TE,1201 WEST FRANK STREET,-,LUFKIN,TX,75901,Angelina,(936) 639-7648,6,Non-profit,01/01/1995
45T213,UNIVERSITY HEALTH SYSTEM,4502 MEDICAL DRIVE,-,SAN ANTONIO,TX,78229,Bexar,(210) 358-2637,6,Government,07/01/2015
45T222,CHCA CONROE LP,504 MEDICAL CENTER BLVD,-,CONROE,TX,77304,Montgomery,(936) 525-3964,6,For profit,01/01/2014
45T229,HENDRICK CENTER FOR REHABILITATION,1934 HICKORY,-,ABILENE,TX,79601,Taylor,(915) 670-6000,6,Non-profit,09/01/1998
45T231,BSA HEALTH SYSTEM,1600 WALLACE BLVD,-,AMARILLO,TX,79106,Potter,(806) 212-2000,6,For profit,12/31/1997
45T236,CHRISTUS MOTHER FRANCES HOSPITAL- SULPHUR SPRINGS,115 AIRPORT ROAD,-,SULPHUR SPRINGS,TX,75482,Hopkins,(903) 438-4569,6,Non-profit,10/01/2003
45T324,REBA MC ENTIRE CTR FOR REHAB,1200 REBA MCENTIRE LANE,-,DENISON,TX,75020,Grayson,(903) 416-1010,6,For profit,07/01/1995
45T346,MEMORIAL HERMANN BAPTIST BEAUMONT,3080 COLLEGE ST,-,BEAUMONT,TX,77701,Jefferson,(409) 212-5000,6,Non-profit,08/25/2004
45T347,HUNTSVILLE MEMORIAL HOSPITAL,110 MEMORIAL HOSPITAL DRIVE,"P.O. BOX 4001, HUNTSVILLE, TX",HUNTSVILLE,TX,77340,Walker,(936) 291-3411,6,Non-profit,11/01/2005
45T352,HUNT MEMORIAL HOSPITAL DISTRIC,4215 JOE RAMSEY BLVD,-,GREENVILLE,TX,75401,Hunt,(903) 408-1740,6,Government,10/01/2011
45T358,HOUSTON METHODIST HOSPITAL,6447 MAIN STREET,-,HOUSTON,TX,77030,Harris,(713) 441-7132,6,Non-profit,01/01/1996
45T388,METHODIST HOSPITAL NORTHEAST,12412 JUDSON RD,-,LIVE OAK,TX,78233,Bexar,(210) 757-5088,6,For profit,07/01/2002
45T403,MEDICAL CENTER OF MCKINNEY,130 S CENTRAL EXPRESSWAY,-,MCKINNEY,TX,75070,Collin,(972) 547-8266,6,For profit,09/01/2018
45T431,ST DAVIDS MEDICAL CENTER,919 E 32ND ST,-,AUSTIN,TX,78705,Travis,(512) 544-5117,6,For profit,10/01/2009
45T462,TEXAS HEALTH PRESBYTERIAN HOSPITAL DALLAS,8200 WALNUT HILL LANE,JACKSON BUILDING 3RD FLOOR,DALLAS,TX,75231,Dallas,(214) 345-2295,6,Non-profit,12/02/2015
45T508,MEMORIAL HOSPITAL CECIL R. BOMAR REHAB,1204 N. MOUND ST.,-,NACOGDOCHES,TX,75961,Nacogdoches,(502) 596-6346,6,For profit,06/30/1996
45T617,CLEAR LAKE REGIONAL MEDICAL CENTER,500 MEDICAL CENTER BLVD,-,WEBSTER,TX,77598,Harris,(281) 338-3972,6,For profit,04/01/2011
45T634,DENTON REGIONAL MEDICAL CENTER,3535 SOUTH I-35 EAST,-,DENTON,TX,76210,Denton,(940) 384-3613,6,For profit,06/01/2024
45T638,HOUSTON NORTHWEST MEDICAL CTR,710 CYPRESS CREEK PKWY,-,HOUSTON,TX,77040,Harris,(346) 202-9009,6,For profit,04/05/2016
45T644,WEST HOUSTON MEDICAL CENTER,12141 RICHMOND AVE,-,HOUSTON,TX,77082,Harris,(281) 558-3444,6,For profit,01/01/1996
45T647,MEDICAL CITY DALLAS HOSPITAL,7777 FOREST LANE,9TH FLOOR - INPATIENT REHAB,DALLAS,TX,75230,Dallas,(972) 566-6751,6,For profit,06/01/2016
45T651,MEDICAL CENTER OF PLANO,1620 COIT ROAD,INPATIENT REHAB - BUILDING 2,PLANO,TX,75075,Collin,(214) 473-7718,6,For profit,06/01/2015
45T661,ODESSA REGIONAL MEDICAL CENTER,520 E 6TH ST,-,ODESSA,TX,79761,Ector,(432) 582-8395,6,For profit,10/01/2008
45T668,SIERRA MEDICAL CENTER,1625 MEDICAL CENTER DR.,-,EL PASO,TX,79902,El Paso,(915) 747-2100,6,For profit,06/01/2013
45T669,MEDICAL CITY LEWISVILLE,500 W MAIN ST,-,LEWISVILLE,TX,75057,Denton,(469) 370-2515,6,Non-profit,06/01/2016
45T670,TOMBALL REGIONAL MEDICAL CTR,605 HOLDERRIETH BLVD,-,TOMBALL,TX,77375,Harris,(281) 401-7803,6,For profit,06/30/1996
45T672,MEDICAL CITY FORT WORTH,900 EIGHTH AVE,-,FORT WORTH,TX,76104,Tarrant,(817) 347-4333,6,For profit,02/01/2016
45T675,MEDICAL CITY ARLINGTON REHAB,3301 MATLOCK ROAD,-,ARLINGTON,TX,76015,Tarrant,(817) 525-4688,6,For profit,06/01/2017
45T702,LONGVIEW REGIONAL MEDICAL CENTER,2901 NORTH FOURTH STREET,-,LONGVIEW,TX,75605,Gregg,(903) 232-3775,6,For profit,10/01/2023
45T711,RIO GRANDE REGIONAL HOSPITAL,101 E RIDGE RD,-,MCALLEN,TX,78503,Hidalgo,(956) 632-6000,6,For profit,10/01/2022
45T718,ROUND ROCK INPT REHAB UNIT,2400 ROUND ROCK AVE,-,ROUND ROCK,TX,78681,Williamson,(512) 341-1145,6,For profit,03/01/2011
45T747,PALESTINE REGIONAL MEDICAL CENTER,2900 SOUTH LOOP 256,-,PALESTINE,TX,75801,Anderson,(903) 731-5278,6,For profit,01/01/2011
45T775,HCA HOUSTON HEALTHCARE KINGWOOD,22999 U.S. HWY 59,-,KINGWOOD,TX,77339,Harris,(281) 348-8163,6,For profit,01/01/1996
45T788,CORPUS CHRISTI MEDICAL CENTER,3315 S ALAMEDA ST,-,CORPUS CHRISTI,TX,78411,Nueces,(361) 761-5267,6,Non-profit,09/01/2012
45T801,CHRISTUS ST MICHAEL HEALTH SYSTEM,2600 ST MICHAEL DR,-,TEXARKANA,TX,75503,Bowie,(903) 614-1000,6,Non-profit,07/01/2022
45T809,NORTH AUSTIN MEDICAL CENTER,12221 NORTH MOPAC EXPRESSWAY,-,AUSTIN,TX,78758,Travis,(512) 901-1855,6,For profit,07/01/2003
45T862,CHI ST. LUKES HEALTH - BAYLOR REHABILITATION,17200 ST. LUKE'S WAY,-,THE WOODLANDS,TX,77384,Montgomery,(502) 596-6346,6,Non-profit,07/01/2016
45T869,DOCTORS HOSPITAL AT RENAISSANCE,5501 S. MCCOLL,-,EDINBURG,TX,78539,Hidalgo,(956) 362-6607,6,Physician,01/01/2006
45TA23,KINDRED HOSPITAL HOUSTON MEDICAL CENTER,6441 MAIN ST,-,HOUSTON,TX,77030,Harris,(713) 790-0500,6,For profit,09/01/2020
45TA34,CORNERSTONE SPECIALTY HOSPITALS AUSTIN,4207 BURNET RD,-,AUSTIN,TX,78756,Travis,(512) 706-1900,6,For profit,09/01/2021
45TA38,TEXAS NEURO REHABILITATION CENTER,1106 W DITTMAR,-,AUSTIN,TX,78745,Travis,(512) 444-4835,6,For profit,01/01/2025
45TA39,KINDRED HOSPITAL HOUSTON NW,11297 FALLBROOK,-,HOUSTON,TX,77065,Harris,(281) 897-8114,6,For profit,09/01/2022
45TA60,TEXAS SPECIALTY HOSPITAL,1540 RESEARCH ST,-,AMARILLO,TX,79124,Potter,(806) 351-1600,6,For profit,01/01/2025
45TA62,POST ACUTE MEDICAL AT LULING LLC,200 MEMORIAL DRIVE,-,LULING,TX,78648,Caldwell,(803) 875-8400,6,For profit,01/01/2020
45TA80,KINDRED HOSPITAL SUGAR LAND,1550 FIRST COLONY BOULEVARD,-,SUGAR LAND,TX,77479,Fort Bend,(281) 275-6000,6,For profit,09/01/2020
45TA83,MID-JEFFERSON EXTENDED CARE HOSPITAL,860 8TH STREET,-,BEAUMONT,TX,77701,Jefferson,(409) 363-5800,6,For profit,09/01/2022
45TA94,PAM SPECIALTY HOSPITAL OF VICTORIA NORTH,102 MEDICAL DRIVE,-,VICTORIA,TX,77904,Victoria,(361) 576-6200,6,For profit,01/01/2020
45TB06,PAM SPECIALTY HOSPITAL OF NEW BRAUNFELS,1445 HANZ DRIVE,-,NEW BRAUNFELS,TX,78130,Comal,(830) 627-7600,6,For profit,10/02/2020
45TB08,KINDRED HOSPITAL DALLAS CENTRAL,8050 MEADOWS ROAD,-,DALLAS,TX,75231,Dallas,(469) 232-6500,6,For profit,09/01/2022
463025,ENCOMPASS HEALTH REHABILITATION HOSPITAL OF UTAH,8074 SOUTH 1300 EAST,-,SANDY,UT,84094,Salt Lake,(801) 561-3400,8,For profit,03/28/1988
463027,NORTHERN UTAH REHABILITATION HOSPITAL,5825 HARRISON BOULEVARD,-,SOUTH OGDEN,UT,84403,Weber,(801) 475-5254,8,For profit,05/22/2014
46T001,UTAH VALLEY HOSPITAL,1034 NORTH 500 WEST,-,PROVO,UT,84604,Utah,(801) 357-7765,8,Non-profit,01/01/2017
46T004,MCKAY-DEE HOSPITAL - INPATIENT REHABILITATION,4401 HARRISON BLVD,-,OGDEN,UT,84403,Weber,(801) 387-2263,8,Non-profit,01/01/2020
46T005,OGDEN REGIONAL MEDICAL CENTER,5475 S. 500 E.,-,OGDEN,UT,84405,Weber,(801) 479-2111,8,For profit,07/01/1997
46T009,UNIVERSITY OF UTAH HOSPITALS AND CLINICS,50 NORTH MEDICAL DRIVE,-,SALT LAKE CITY,UT,84132,Salt Lake,(801) 581-2337,8,Government,07/01/2025
46T010,INTERMOUNTAIN MEDICAL CENTER,5121 SO. COTTONWOOD STREET,-,MURRAY,UT,84157,Salt Lake,(801) 507-1269,8,Non-profit,01/01/2020
46T021,DIXIE REGIONAL MEDICAL CENTER,1380 E. MEDICAL CENTER DR.,EAST TOWER 1ST FLOOR,ST GEORGE,UT,84790,Washington,(435) 251-4508,8,Non-profit,01/01/2017
46T047,ST MARKS HOSPITAL,1200 E 3900 SOUTH,-,SALT LAKE CITY,UT,84124,Salt Lake,(801) 268-7745,8,For profit,08/11/2016
46T051,JORDAN VALLEY MEDICAL CENTER,3580 W 9000 S,-,WEST JORDAN,UT,84088,Salt Lake,(801) 601-2368,8,Non-profit,07/01/2019
46TA05,UTAH VALLEY SPECIALTY HOSPITAL,306 WEST RIVER BEND LANE,-,PROVO,UT,84604,Utah,(801) 226-8880,8,For profit,03/01/2024
47R302,MT ASCUTNEY HOSPITAL HEALTH CENTER,289 COUNTY ROAD,-,WINDSOR,VT,05089,Windsor,(802) 674-7022,1,Non-profit,10/01/2004
47T003,THE UNIVERSITY OF VERMONT MEDICAL CENTER INPATIENT,FANNY ALLEN CAMPUS,790 COLLEGE PARKWAY,COLCHESTER,VT,05446,Chittenden,(802) 847-5732,1,Non-profit,10/01/1983
493027,RIVERSIDE REHABILITATION INSTITUTE,250 JOSEPHS DRIVE,-,YORKTOWN,VA,23692,York,(757) 272-0300,3,Non-profit,07/02/1986
493028,ENCOMPASS HEALTH REHAB HOSPITAL OF RICHMOND,5700 FITZHUGH AVENUE,-,RICHMOND,VA,23226,Henrico,(804) 288-5700,3,For profit,06/09/1992
493029,UVA ENCOMPASS HEALTH REHABILITATION HOSPITAL,515 RAY C HUNT DRIVE,-,CHARLOTTESVILLE,VA,22903,Charlottesville City,(434) 244-2000,3,For profit,08/31/1998
493031,ENCOMPASS HEALTH REHAB HOSPITAL OF PETERSBURG,95 MEDICAL PARK BLVD,-,PETERSBURG,VA,23805,Petersburg City,(804) 504-8100,3,For profit,08/03/2006
493032,ENCOMPASS HEALTH REHAB HOSPITAL OF FREDERICKSBURG,300 PARK HILL DRIVE,-,FREDERICKSBURG,VA,22401,Fredericksburg City,(540) 368-7300,3,For profit,09/05/2007
493033,ENCOMPASS HEALTH REHAB HOSPITAL OF NORTHERN VA,24430 MILLSTREAM DRIVE,-,ALDIE,VA,20105,Loudoun,(703) 957-2000,3,For profit,07/27/2010
493034,REHABILITATION HOSPITAL OF BRISTOL,103 NORTH STREET,-,BRISTOL,VA,24201,Bristol City,(276) 642-7900,3,For profit,09/02/2010
493036,SHELTERING ARMS INSTITUTE,2000 WILKES RIDGE PLACE,-,RICHMOND,VA,23233,Henrico,(804) 764-5290,3,Non-profit,06/10/2020
49T005,WINCHESTER REHABILITATION CTR,333 WEST CORK STREET,-,WINCHESTER,VA,22601,Winchester City,(540) 536-5416,3,Non-profit,01/01/1995
49T007,SENTARA NORFOLK GENERAL HOSP,600 GRESHAM DRIVE,-,NORFOLK,VA,23507,Norfolk City,(757) 388-4261,3,Non-profit,05/01/1986
49T017,MARYVIEW CENTER FOR PHYSICAL REHABILITATION,3636 HIGH STREET,-,PORTSMOUTH,VA,23707,Portsmouth City,(757) 398-4160,3,Non-profit,06/17/2002
49T018,AUGUSTA HEALTH,78 MEDICAL CENTER DR,-,FISHERSVILLE,VA,22939,Staunton City,(540) 932-5939,3,Non-profit,01/01/1985
49T021,VIRGINIA BAPTIST HOSPITAL,3300 RIVERMONT AVE,-,LYNCHBURG,VA,24503,Lynchburg City,(434) 200-5879,3,Non-profit,10/01/1986
49T024,CARILION CLINIC REHABILITATION,"101 ELM AVENUE, SE",-,ROANOKE,VA,24013,Roanoke City,(540) 224-4409,3,Non-profit,10/01/1983
49T032,VCUHS,1300 E MARSHALL ST,-,RICHMOND,VA,23298,Richmond City,(804) 828-0861,3,Government,07/01/1984
49T038,SMYTH COUNTY COMMUNITY HOSPITAL,245 MEDICAL PARK DRIVE,-,MARION,VA,24354,Smyth,(276) 378-2021,3,Non-profit,07/01/2011
49T048,LEWIS-GALE MEDICAL CENTER,1900 ELECTRIC ROAD,-,SALEM,VA,24153,Salem City,(540) 776-4472,3,For profit,01/01/1985
49T050,VIRGINIA HOSPITAL CENTER,1701 N GEORGE MASON DR,-,ARLINGTON,VA,22205,Arlington,(703) 558-5702,3,Non-profit,01/01/2006
49T057,SENTARA VIRGINIA BEACH GENERAL,1060 FIRST COLONIAL RD,-,VIRGINIA BEACH,VA,23454,Virginia Beach City,(757) 388-4261,3,Non-profit,01/01/2009
49T063,INOVA FAIRFAX HOSPITAL,3300 GALLOWS RD,-,FALLS CHURCH,VA,22046,Falls Church City,(703) 698-3659,3,Non-profit,01/01/2020
49T066,SENTARA WILLIAMSBURG REGIONAL,100 SENTARA CIRCLE,-,WILLIAMSBURG,VA,23188,James City,(757) 984-7409,3,Non-profit,01/01/2009
49T075,DANVILLE REGIONAL MEDICAL CTR,142 SOUTH MAIN STREET,-,DANVILLE,VA,24541,Danville City,(434) 799-4526,3,For profit,01/01/1995
49T107,RESTON HOSP INPATIENT REHAB,1850 TOWN CENTER PKWY,-,RESTON,VA,20190,Fairfax,(703) 481-2408,3,Non-profit,01/01/2019
49T112,CJW MEDICAL CENTER,1401 JOHNSTON-WILLIS DRIVE,-,RICHMOND,VA,23235,Richmond City,(804) 483-6515,3,For profit,01/01/1996
49T114,LONESOME PINE HOSPITAL,1990 HOLTON AVENUE EAST,-,BIG STONE GAP,VA,24219,Wise,(276) 523-8726,3,Non-profit,02/28/2021
49T118,HDH-PARHAM CAMPUS,7700 EAST PARHAM ROAD,4TH FLOOR,RICHMOND,VA,23294,Henrico,(804) 967-5436,3,Non-profit,02/18/2004
49T122,INOVA REHAB CENTER@INOVA MOUNT VERNON HOSPITAL,2501 PARKERS LANE,-,ALEXANDRIA,VA,22306,Fairfax,(703) 664-7513,3,Non-profit,01/01/1984
503025,PROVIDENCE ST LUKE'S REHABILITATION MEDICAL CENTER,711 SOUTH COWLEY ST,-,SPOKANE,WA,99202,Spokane,(509) 473-6000,10,Non-profit,09/20/1994
503026,CHI FRANCISCAN REHABILITATION HOSPITAL,815 S VASSAULT ST,-,TACOMA,WA,98465,Pierce,(253) 444-3320,10,For profit,06/20/2018
503027,PROVIDENCE SWEDISH REHABILITATION HOSPITAL,12911 BEVERLY PARK RD,-,LYNNWOOD,WA,98087,Snohomish,(425) 789-5400,10,For profit,09/19/2024
50R329,PEACEHEALTH UNITED GENERAL,2000 HOSPITAL DR,-,SEDRO-WOOLLEY,WA,98284,Skagit,(502) 596-6346,10,Government,07/01/2019
50R337,LOURDES MEDICAL CENTER,520 N 4TH AVE,-,PASCO,WA,99302,Franklin,(509) 542-3021,10,Non-profit,02/01/2005
50T002,PROVIDENCE ST MARY MEDICAL CENTER,401 W. POPLAR ST,-,WALLA WALLA,WA,99362,Walla Walla,(509) 525-3320,10,Non-profit,01/01/1984
50T008,UNIVERSITY OF WASHINGTON MED CTR,1959 N.E. PACIFIC AVE.,-,SEATTLE,WA,98195,King,(206) 598-8351,10,Government,07/01/1984
50T015,MULTICARE AUBURN MEDICAL CENTER,202 N DIVISION ST,-,AUBURN,WA,98001,King,(253) 833-7711,10,Non-profit,01/01/2008
50T016,CONFLUENCE HEALTH HOSPITAL,820 N CHELAN AVE,-,WENATCHEE,WA,98801,Chelan,(509) 662-1511,10,Non-profit,07/01/2023
50T019,PROVIDENCE CENTRALIA HOSPITAL,914 SOUTH SCHEUBER ROAD,-,CENTRALIA,WA,98531,Lewis,(360) 493-7395,10,Non-profit,01/01/1985
50T025,SWEDISH MEDICAL CENTER,500 17TH AVE,-,SEATTLE,WA,98122,King,(206) 320-3990,10,Non-profit,01/01/1984
50T030,ST JOSEPH HOSPITAL,2901 SQUALICUM PARKWAY,-,BELLINGHAM,WA,98225,Whatcom,(360) 788-8448,10,Non-profit,01/01/1985
50T050,SOUTHWEST WASHINGTON MED CTR,400 NE MOTHER JOSEPH PLACE,-,VANCOUVER,WA,98668,Clark,(360) 514-6855,10,Non-profit,10/01/1994
50T051,OVERLAKE HOSPITAL MEDICAL CENTER,REHAB SERVICES,-,BELLEVUE,WA,98004,King,(425) 688-5000,10,Non-profit,10/01/1983
50T064,HARBORVIEW MEDICAL CENTER,325 9TH AVE,BOX 359818,SEATTLE,WA,98104,King,(206) 744-3170,10,Government,07/01/1984
50T079,MULTICARE GOOD SAMARITAN HOSPITAL,401 15TH AVE SE,-,PUYALLUP,WA,98372,Pierce,(253) 697-1663,10,Non-profit,08/01/2016
50T108,ST. JOSEPH MEDICAL CENTER,1717 SOUTH J ST,-,TACOMA,WA,98405,Pierce,(253) 426-6317,10,Non-profit,07/01/1984
50T124,EVERGREEN HEALTHCARE,12040 NE 128 ST.,-,KIRKLAND,WA,98034,King,(425) 899-2545,10,Government,01/01/2003
513025,SENECA REHABILITATION HOSPITAL,20 HOMESTEAD AVENUE,-,WHEELING,WV,26003,Ohio,(304) 234-0500,3,For profit,10/01/1983
513026,ENCOMPASS HEALTH REHAB HOSPITAL OF PRINCETON,120 12TH ST,-,PRINCETON,WV,24740,Mercer,(304) 487-8000,3,For profit,04/07/1987
513027,ENCOMPASS HEALTH REHAB HOSPITAL OF PARKERSBURG,#3 WESTERN HILLS DRIVE,-,PARKERSBURG,WV,26105,Wood,(304) 420-1300,3,For profit,02/19/1988
513028,ENCOMPASS HEALTH REHAB HOSPITAL OF HUNTINGTON,6900 WEST COUNTRY CLUB DRIVE,-,HUNTINGTON,WV,25705,Cabell,(304) 733-1060,3,For profit,01/17/1989
513030,ENCOMPASS HEALTH REHAB HOSPITAL OF MORGANTOWN,1160 VAN VOORHIS ROAD,-,MORGANTOWN,WV,26504,Monongalia,(304) 598-1100,3,For profit,03/13/1991
51T001,WEST VIRGINIA UNIVERSITY HOSPITAL INC,ONE MEDICAL CENTER DRIVE,-,MORGANTOWN,WV,26506,Monongalia,(304) 598-4000,3,Non-profit,06/05/2025
51T012,"PLEASANT VALLEY HOSPITAL, INC",2520 VALLEY DRIVE,-,POINT PLEASANT,WV,25550,Mason,(304) 675-4340,3,Non-profit,10/01/2022
51T022,CHARLESTON AREA MED CNTR,501 MORRIS STREET,-,CHARLESTON,WV,25301,Kanawha,(304) 388-6306,3,Non-profit,01/01/2002
51T023,WEIRTON MEDICAL CENTER,601 COLLIERS WAY,-,WEIRTON,WV,26062,Hancock,(304) 797-6104,3,Government,07/01/2013
51T048,LOGAN REGIONAL MEDICAL CENTER,20 HOSPITAL DR,-,LOGAN,WV,25601,Logan,(304) 831-1325,3,For profit,10/01/2003
523025,ASCENSION SACRED HEART REHABILITATION HOSPITAL,13111 N PORT WASHINGTON RD SECOND FLOOR,-,MEQUON,WI,53097,Ozaukee,(262) 292-0400,5,Non-profit,07/01/1984
523027,REHABILITATION HOSPITAL OF WISCONSIN,1625 COLD WATER CREEK DRIVE,-,WAUKESHA,WI,53188,Waukesha,(262) 521-8800,5,For profit,11/12/2008
523028,UW HEALTH REHABILITATION HOSPITAL,5115 N BILTMORE LN,-,MADISON,WI,53718,Dane,(608) 592-8100,5,Non-profit,10/26/2015
523029,MILWAUKEE REHABILITATION HOSPITAL AT GREENFIELD,3200 S 103RD ST,-,MILWAUKEE,WI,53227,Milwaukee,(414) 441-0500,5,For profit,03/10/2022
523031,GREEN BAY REHABILITATION HOSPITAL,1110 KEPLER DR,-,GREEN BAY,WI,54311,Brown,(920) 304-9695,5,For profit,05/05/2023
523032,CLEARSKY REHABILITATION HOSPITAL OF KENOSHA,6308 8TH AVE,-,KENOSHA,WI,53143,Kenosha,(262) 771-0073,5,For profit,09/28/2023
523033,ENCOMPASS HEALTH REHABILITATION HSPTL OF FITCHBURG,5535 NOBEL DR,-,FITCHBURG,WI,53711,Dane,(608) 398-1000,5,For profit,12/01/2023
523034,PAM HEALTH REHABILITATION HOSPITAL OF WAUSAU,1111 WESTWOOD DR,-,WAUSAU,WI,54401,Marathon,(717) 731-9660,5,For profit,05/30/2024
523035,CLEARSKY REHABILITATION HOSPITAL LAKESHORE,1330 WILLOW WAY,-,CLEVELAND,WI,53015,Manitowoc,(920) 626-4530,5,For profit,10/13/2025
52T009,ASCENSION- MERCY HOSPITAL,500 SOUTH OAKWOOD ROAD,-,OSHKOSH,WI,54904,Outagamie,(920) 223-1200,5,Non-profit,06/01/2018
52T030,WAUSAU HOSPITAL,333 PINE RIDGE BLVD,-,WAUSAU,WI,54401,Marathon,(715) 847-2450,5,For profit,07/01/1989
52T037,MARSHFIELD MEDICAL CENTER,611 ST. JOSEPH AVENUE,-,MARSHFIELD,WI,54449,Wood,(715) 387-7548,5,Non-profit,10/01/1983
52T049,BELLIN MEMORIAL HOSPITAL,744 S WEBSTER AVE,-,GREEN BAY,WI,54301,Brown,(920) 433-3655,5,Non-profit,10/01/2011
52T075,ST VINCENT HOSPITAL,835 S. VAN BUREN STREET,P.O. BOX 13508,GREEN BAY,WI,54307,Brown,(920) 433-8294,5,Non-profit,07/01/1984
52T087,GUNDERSEN LUTHERAN MEDICAL CENTER INC,1900 SOUTH AVENUE,-,LA CROSSE,WI,54601,La Crosse,(608) 775-3064,5,Non-profit,05/01/1984
52T088,ST AGNES HOSPITAL,430 E DIVISION ST,-,FOND DU LAC,WI,54935,Fond du Lac,(920) 926-4762,5,Non-profit,07/01/1985
52T096,WHEATON FRANCISCAN HEALTHCARE-ALL SAINTS,3801 SPRING STREET,-,RACINE,WI,53405,Racine,(262) 687-5205,5,Non-profit,07/01/1992
52T136,ST JOSEPHS HOSPITAL,5000 WEST CHAMBERS STREET,-,MILWAUKEE,WI,53210,Milwaukee,(414) 447-2130,5,Non-profit,07/01/1987
52T138,AURORA HEALTH CARE METRO INC,2900 W OKLAHOMA AVE,-,MILWAUKEE,WI,53215,Sheboygan,(414) 649-5765,5,Non-profit,01/01/1985
52T160,THEDACARE REGIONAL MEDICAL CENTER - APPLETON INC,1818 N MEADE ST,-,APPLETON,WI,54911,Outagamie,(920) 731-4101,5,Non-profit,10/01/2025
52T177,FROEDTERT BLUEMOUND REHABILITATION HOSPITAL,10000 WEST BLUEMOUND RD,-,WAUWATOSA,WI,53226,Milwaukee,(414) 454-8097,5,Non-profit,06/15/2007
52T193,AURORA BAYCARE MEDICAL CENTER,PO 8900,-,GREEN BAY,WI,54308,Brown,(920) 288-8000,5,For profit,01/01/2003
52T206,AURORA MEDICAL CENTER,36500 AURORA DRIVE,-,SUMMIT,WI,53066,Waukesha,(262) 434-2605,5,Non-profit,05/03/2010
52TA05,LAKEVIEW SPECIALTY HOSPITAL & REHAB CENTER,1701 SHARP ROAD,-,WATERFORD,WI,53185,Racine,(262) 534-7297,5,For profit,01/01/2023
52TA08,SELECT SPECIALTY HOSPITAL MADISON,801 BRAXTON PLACE,-,MADISON,WI,53715,Dane,(608) 260-2700,5,For profit,01/14/2025
533027,ELKHORN VALLEY REHABILITATION HOSPITAL LLC,5715 EAST 2ND STREET,-,CASPER,WY,82609,Natrona,(307) 265-0005,8,For profit,02/26/2008
53T014,CHEYENNE REGIONAL MEDICAL CENTER ARU,2600 EAST 18TH ST.,-,CHEYENNE,WY,82001,Laramie,(502) 596-6346,8,Non-profit,07/01/2016
673025,PAM REHABILITATION HOSPITAL OF ALLEN,1001 RAINTREE CIRCLE,-,ALLEN,TX,75013,Collin,(972) 908-2015,6,For profit,11/14/2007
673027,CENTRAL TEXAS REHABILITATION HOSPITAL,700 W 45TH ST,-,AUSTIN,TX,78705,Travis,(512) 407-2101,6,Non-profit,11/30/2007
673029,ENCOMPASS HEALTH REHABILITAITON HOSPITAL OF RICHAR,3351 WATERVIEW PARKWAY,-,RICHARDSON,TX,75080,Dallas,(972) 398-5700,6,For profit,04/02/2008
673030,KATE DISHMAN REHABILITATION HOSPITAL,2830 CALDER ST 6TH FL SOUTH,-,BEAUMONT,TX,77702,Jefferson,(409) 899-8380,6,For profit,04/24/2008
673031,METHODIST REHABILITATION HOSPITAL,3020 WEST WHEATLAND ROAD,-,DALLAS,TX,75237,Dallas,(972) 708-8600,6,For profit,05/07/2008
673032,ENCOMPASS HEALTH REHABILITATION HOSPITAL OF ROUND,1400 HESTER'S CROSSING,-,ROUND ROCK,TX,78681,Williamson,(972) 308-8517,6,Non-profit,07/09/2008
673034,ENCOMPASS HEALTH REHABILITATION HOSPITAL VISION PA,117 VISION PARK BLVD,-,SHENANDOAH,TX,77302,Montgomery,(936) 444-1700,6,Physician,01/23/2009
673035,BAYLOR INSTITUTE FOR REHABILITATION AT FORT WORTH,6601 HARRIS PARKWAY,-,FORT WORTH,TX,76132,Tarrant,(214) 525-0619,6,Non-profit,01/23/2009
673036,SELECT REHABILITATION HOSPITAL OF DENTON,2620 SCRIPTURE STREET,-,DENTON,TX,76201,Denton,(940) 297-6500,6,For profit,12/24/2008
673038,MEMORIAL HERMANN REHABILITATION HOSPITAL KATY,"21720 KINGSLAND BLVD, SUITE 102",-,KATY,TX,77450,Harris,(281) 579-5678,6,Physician,05/08/2009
673039,ENCOMPASS HEALTH REHABILITATION HOSPITAL OF ABILEN,6401 DIRECTORS PARKWAY,-,ABILENE,TX,79606,Taylor,(325) 691-1600,6,For profit,10/30/2009
673041,CARRUS REHABILITATION HOSPITAL,1810 WEST HIGHWAY 82,-,SHERMAN,TX,75092,Grayson,(903) 870-2600,6,For profit,08/27/2010
673042,ENCOMPASS HEALTH REHABILITATION HOSPITAL OF SUGAR,1325 HWY 6,-,SUGAR LAND,TX,77478,Fort Bend,(281) 276-7599,6,For profit,10/05/2010
673043,ENCOMPASS HEALTH REHABILITATION HOSPITAL OF DALLAS,7930 NORTHAVEN ROAD,-,DALLAS,TX,75230,Dallas,(214) 706-8200,6,For profit,10/07/2010
673044,ENCOMPASS HEALTH REHABILITATION HOSPITAL OF THE MI,2304 HIGHWAY 121,-,BEDFORD,TX,76021,Tarrant,(817) 684-2000,6,For profit,11/05/2010
673045,MESQUITE REHABILITATION INSTITUTE,1023 N BELTLINE ROAD,-,MESQUITE,TX,75149,Dallas,(972) 216-2400,6,For profit,11/03/2010
673046,BAYLOR INSTITUTE FOR REHABILITATION AT FRISCO,2990 LEGACY DRIVE,-,FRISCO,TX,75034,Collin,(469) 888-5100,6,For profit,01/26/2011
673048,TEXAS REHABILITATION HOSPITAL,425 ALABAMA AVENUE,-,FORT WORTH,TX,76104,Tarrant,(817) 820-3400,6,For profit,06/09/2011
673049,NEW BRAUNFELS REGIONAL REHABILITATION HOSPITAL,2041 SUNDANCE PARKWAY,-,NEW BRAUNFELS,TX,78130,Comal,(830) 625-6700,6,For profit,08/26/2011
673050,ENCOMPASS HEALTH REHABILITATION HOSPITAL OF CYPRES,13031 WORTHAM CENTER DRIVE,-,HOUSTON,TX,77065,Harris,(832) 280-2500,6,For profit,11/22/2011
673052,ENCOMPASS HEALTH REHABILITATION HOSPITAL THE VINTA,20180 CHASEWOOD PARK DRIVE,-,HOUSTON,TX,77070,Harris,(972) 308-8567,6,For profit,05/14/2012
673053,CORPUS CHRISTI REHABILITATION HOSPITAL,5726 ESPLANADE DRIVE,-,CORPUS CHRISTI,TX,78414,Nueces,(361) 906-3700,6,For profit,06/05/2012
673054,ENCOMPASS HEALTH REHABILITATION HOSPITAL OF AUSTIN,330 W BEN WHITE BLVD,-,AUSTIN,TX,78704,Travis,(972) 308-8567,6,For profit,07/29/2012
673055,ACUTE REHABILITATION HOSPITAL OF PLANO,2301 MARSH LANE SUITE 200,-,PLANO,TX,75093,Collin,(972) 899-5510,6,For profit,01/04/2013
673056,PAM REHABILITATION HOSPITAL OF VICTORIA,101 JAMES COLEMAN DRIVE,-,VICTORIA,TX,77904,Victoria,(361) 894-7830,6,For profit,02/26/2014
673057,PAM HEALTH REHABILIATION HOSPTIAL OF KYLE,5980 KYLE PARKWAY,-,KYLE,TX,78640,Hays,(512) 262-0821,6,For profit,09/08/2014
673058,BAYLOR SCOTT & WHITE INSTITUTE FOR REHABILITATION,2000 MEDICAL DRIVE,-,LAKEWAY,TX,78734,Travis,(512) 263-4500,6,For profit,01/16/2015
673059,"LAREDO REHABILITATION HOSPITAL, LLC",2005 A BUSTAMANTE STREET,-,LAREDO,TX,78041,Webb,(956) 764-8555,6,For profit,02/26/2015
673060,TEXAS REHABILITATION HOSPITAL OF ARLINGTON,900 W ARBROOK BLVD,-,ARLINGTON,TX,76015,Tarrant,(682) 308-9867,6,For profit,08/10/2015
673061,PAM REHABILITATION HOSPITAL OF CLEAR LAKE,110 EAST MEDICAL CENTER BLVD,-,WEBSTER,TX,77598,Harris,(832) 224-9500,6,For profit,08/20/2015
673062,CLEARSKY REHABILITATION HOSPITAL OF WEATHERFORD,703 EUREKA STREET,-,WEATHERFORD,TX,76086,Parker,(682) 803-0100,6,For profit,12/10/2015
673063,TRUSTPOINT REHAB HOSPITAL OF LUBBOCK,4302 PRINCETON,-,LUBBOCK,TX,79415,Lubbock,(806) 740-8413,6,For profit,08/01/2015
673065,"CHI ST. JOSEPH HEALTH REHABILITATION HOSPITAL, AN","1600 JOSEPH DRIVE, SUITE 2000",-,BRYAN,TX,77802,Brazos,(979) 213-4200,6,For profit,09/01/2016
673066,ENCOMPASS HEALTH REHABILITATION HOSPITAL OF PEARLA,2121 BUSINESS CENTER DR,-,PEARLAND,TX,77584,Brazoria,(346) 907-3000,6,For profit,11/10/2017
673067,PAM REHABILITATION HOSPITAL OF CORPUS CHRISTI,345 S WATER ST,-,CORPUS CHRISTI,TX,78401,Nueces,(361) 500-0600,6,For profit,05/25/2018
673068,PAM HEALTH REHABILITATION HOSPITAL OF SUGAR LAND,7622 BRANFORD PL,-,SUGAR LAND,TX,77479,Fort Bend,(281) 766-9002,6,For profit,11/19/2018
673069,PAM REHABILITATION HOSPITAL OF ROUND ROCK,351 SETON PARKWAY,-,ROUND ROCK,TX,78665,Williamson,(737) 708-9800,6,For profit,01/14/2019
673070,SOUTH PLAINS REHABILITATION HOSPITAL AN AFFILIATE,5406 COLGATE STREET,-,LUBBOCK,TX,79416,Lubbock,(806) 507-3500,6,For profit,07/09/2019
673071,ENCOMPASS HEALTH REHABILITATION HOSPITAL OF KATY,23331 GRAND RESERVE DRIVE,-,KATY,TX,77494,Fort Bend,(281) 505-3500,6,For profit,09/24/2019
673072,PAM HEALTH REHAB HOSPITAL OF HOUSTON HEIGHTS,"1917 ASHLAND ST, FL 4",-,HOUSTON,TX,77008,Harris,(713) 814-9100,6,For profit,10/08/2019
673073,LONGVIEW REHABILITATION HOSPITAL,701 E LOOP 281,-,LONGVIEW,TX,75605,Gregg,(430) 240-4600,6,For profit,10/14/2019
673074,TEMPLE REHABILITATION HOSPITAL,23621 SE H.K. DODGEN LOOP,-,TEMPLE,TX,76504,Bell,(254) 410-0555,6,For profit,11/13/2019
673075,PAM HEALTH REHABILITATION HOSPITAL OF EL PASO,1600 E CLIFF DR,-,EL PASO,TX,79902,El Paso,(915) 975-8630,6,For profit,02/18/2020
673076,CLEARSKY REHABILITATION HOSPITAL OF FLOWER MOUND,3100 PETERS COLONY ROAD,-,FLOWER MOUND,TX,75022,Denton,(469) 933-2855,6,For profit,02/05/2021
673077,TEXAS REHABILITATION HOSPITAL OF KELLER,791 S MAIN STREET,-,KELLER,TX,76248,Tarrant,(817) 562-9700,6,For profit,02/16/2021
673078,"SHANNON REHABILITATION HOSPITAL, AN AFFILIATE OF E",6046 APPALOOSA TRAIL,-,SAN ANGELO,TX,76901,Tom Green,(325) 284-4000,6,For profit,04/16/2021
673079,ENCOMPASS HEALTH REHABILITATION HOSPITAL OF WACO,3600 SOUTH LOOP 340 HIGHWAY,-,ROBINSON,TX,76706,McLennan,(254) 523-2200,6,For profit,08/13/2021
673080,REUNION REHABILITATION HOSPITAL PLANO,3600 MAPLESHADE LANE,-,PLANO,TX,75075,Collin,(469) 830-2350,6,For profit,05/25/2023
673081,ARLINGTON REGIONAL REHABILITATION HOSPITAL,4351 CENTREWAY PLACE,-,ARLINGTON,TX,76018,Tarrant,(682) 339-1400,6,For profit,04/25/2023
673083,EL PASO REHABILITATION HOSPITAL,2230 JOE BATTLE BLVD,-,EL PASO,TX,79938,El Paso,(915) 910-6041,6,For profit,06/23/2023
673088,CLEARSKY REHABILITATION HOSPITAL OF MANSFIELD,267 N STATE HIGHWAY 360,-,MANSFIELD,TX,76063,Tarrant,(817) 778-9361,6,For profit,07/26/2023
673089,CLEARSKY REHABILITATION HOSPITAL OF HARKER HEIGHTS,750 W CENTRAL TEXAS EXPRESSWAY,-,HARKER HEIGHTS,TX,76548,Bell,(254) 236-6820,6,For profit,09/07/2023
673096,ENCOMPASS HEALTH REHABILITATION HOSPITAL OF PROSPE,1231 MAHARD PARKWAY,-,PROSPER,TX,75078,Collin,(940) 207-6500,6,For profit,12/04/2023
67T055,METHODIST STONE OAK HOSPITAL,1139 E SONTERRA BLVD,-,SAN ANTONIO,TX,78258,Bexar,(210) 439-3635,6,For profit,03/01/2018
67T347,BAYLOR SCOTT AND WHITE THE HEART HOSPITAL CORINTH,2813 S MAYHILL ROAD,-,DENTON,TX,76208,Denton,(940) 320-2300,6,Physician,12/01/2024
713025,NORTH SHORE REHABILITATION HOSPITAL,"64030 HWY 434, 1ST AND 2ND FLOOR OF THE TOWER",-,LACOMBE,LA,70445,St. Tammany,(985) 218-4660,6,For profit,10/21/2019
713026,BOGALUSA REHABILITATION HOSPITAL,621 COLUMBIA STREET,-,BOGALUSA,LA,70427,WASHINGTON,(337) 254-4535,6,Non-profit,03/24/2020
713028,ENCOMPASS HEALTH REHABILITATION HOSPITAL OF SHREVE,8650 MILLICENT WAY,-,SHREVEPORT,LA,71115,Caddo,(318) 642-8100,6,For profit,08/20/2021
713029,SHREVEPORT REHABILITATION HOSPITAL LLC,1451 FERN CIRCLE,-,SHREVEPORT,LA,71105,Caddo,(318) 232-8880,6,For profit,02/18/2022
743025,REHABILITATION INSTITUTE OF SOUTH SAN ANTONIO,12011 S E LOOP 410,-,SAN ANTONIO,TX,78221,Bexar,(469) 713-1145,6,For profit,03/18/2024
743027,CLEARSKY REHABILITATION HOSPITAL OF BAYTOWN LLC,150 BLUE HERON PKWY,-,BAYTOWN,TX,77521,Harris,(281) 724-5442,6,For profit,05/07/2024
743028,EXALT HEALTH REHABILITATION HOSPITAL CONROE,2507 SOUTH LOOP 336 W,-,CONROE,TX,77304,Montgomery,(936) 380-8340,6,For profit,09/17/2024
743030,ENCOMPASS HEALTH REHABILITATION OF HOUSTON AT THE,3010 YELLOWSTONE BLVD,-,HOUSTON,TX,77054,Harris,(832) 380-7200,6,For profit,11/25/2024
743031,HORIZON MEDICAL CENTER OF MCKINNEY LLC,6601 W UNIVERSITY DRIVE,-,MC KINNEY,TX,75071,Collin,(469) 907-1355,6,For profit,12/10/2024
743032,CLEARSKY REHABILITATION HOSPITAL OF ROCKWALL COUNT,25 HOPE DRIVE,-,HEATH,TX,75032,Rockwall,(469) 361-2270,6,Non-profit,10/15/2025
743035,REHABILITATION HOSPITAL OF AMARILLO,7950 WALLACE BLVD,-,AMARILLO,TX,79124,Potter,(806) 484-3000,6,For profit,12/05/2025
